misc_point_id,pscis_crossing_id,my_crossing_reference,source,geometry.x,digital_road_atlas_line_id,highway_route_number,road_class,road_name_full,road_surface,trim_transportation_lines_id,ften_road_segment_line_id,forest_file_id,road_section_id,road_responsibility_type_code,retirement_date,file_status_code,file_type_code,file_type_description,client_number,client_name,life_cycle_status_code,map_label,og_road_segment_permit_id,og_petrlm_dev_rd_pre06_pub_id,track_segment_id,track_name,track_classification,use_type,gauge,status,operator_english_name,owner_name,fcode,fcode_label,utm_zone,utm_easting,utm_northing,linear_feature_id,blue_line_key,edge_type,downstream_route_measure,fwa_fcode,fwa_fcode_label,fwa_watershed_code,local_watershed_code,watershed_group_code,wscode_ltree,localcode_ltree,geom,crossing_id,downstream_event_id,fish_habitat,uphab_l_gross_inf_000_030,uphab_l_gross_inf_030_050,uphab_l_gross_inf_050_080,uphab_l_gross_inf_080_150,uphab_l_gross_inf_150_220,uphab_l_gross_inf_220_300,uphab_l_gross_obs_000_030,uphab_l_gross_obs_030_050,uphab_l_gross_obs_050_080,uphab_l_gross_obs_080_150,uphab_l_gross_obs_150_220,uphab_l_gross_obs_220_300,uphab_l_net_inf_000_030,uphab_l_net_inf_030_050,uphab_l_net_inf_050_080,uphab_l_net_inf_080_150,uphab_l_net_inf_150_220,uphab_l_net_inf_220_300,uphab_l_net_obs_000_030,uphab_l_net_obs_030_050,uphab_l_net_obs_050_080,uphab_l_net_obs_080_150,uphab_l_net_obs_150_220,uphab_l_net_obs_220_300,uphab_gross_sub15,uphab_gross_sub22,dnstr_crossings,upstr_crossings,species_codes,dnstr_crossing_ids,upstr_crossing_ids,lake_area_ha,manmadewb_area_ha,wetland_area_ha,distance,map_tile_display_name,admin_area_abbreviation,geometry.y,client_name_abb,my_road_tenure,modelled_crossing_id
1,NA,4605653,pscis_phase1.xlsm,"c(1783679.9070841, 639302.508319205)",NA,NA,NA,NA,NA,NA,1419885,0103,01,OS,NA,HI,B40,Forest Service Road,00133893,DISTRICT MANAGER ROCKY MOUNTAIN (DRM),ACTIVE,0103 01 0,NA,NA,NA,NA,NA,NA,NA,NA,NA,NA,NA,NA,11,644656.9563927886,5564912.901665281,706812797,356530604,1000,286,GA24850150,River/Stream - Intermittent,300-625474-584724-738542-000000-000000-000000-000000-000000-000000-000000-000000-000000-000000-000000-000000-000000-000000-000000-000000-000000,300-625474-584724-738542-000000-000000-000000-000000-000000-000000-000000-000000-000000-000000-000000-000000-000000-000000-000000-000000-000000,ELKR,300.625474.584724.738542,300.625474.584724.738542,0101000020BD0B000010C3576A7A373B41449F66ED54822341,4605653,NA,FISH HABITAT - OBSERVED - 150-220PCT,533.8548154952883,691.2744002131477,244.85184875984777,341.175692421,0,0,0,0,0,0,608.8920541059016,0,533.8548154952883,691.2744002131477,244.85184875984777,153.77730793219655,0,0,0,0,0,0,608.8920541059016,0,1811.1567568892838,2420.0488109951852,0,2,"{EB,WCT}",NA,"4606593,4606596",NA,NA,6.773230967718369,28.57727637505924,082J.108,MoTi,0101000020BD0B0000E0A936E87F373B41306A42048D822341,FLNR,FLNR 0103,NA
2,NA,4605675,pscis_phase1.xlsm,"c(1783957.64287941, 641513.22997424)",NA,NA,NA,NA,NA,NA,1419885,0103,01,OS,NA,HI,B40,Forest Service Road,00133893,DISTRICT MANAGER ROCKY MOUNTAIN (DRM),ACTIVE,0103 01 0,NA,NA,NA,NA,NA,NA,NA,NA,NA,NA,NA,NA,11,645229.0318909619,5567100.064633828,706812288,356518602,1000,1678,GA24850150,River/Stream - Intermittent,300-625474-584724-747457-000000-000000-000000-000000-000000-000000-000000-000000-000000-000000-000000-000000-000000-000000-000000-000000-000000,300-625474-584724-747457-000000-000000-000000-000000-000000-000000-000000-000000-000000-000000-000000-000000-000000-000000-000000-000000-000000,ELKR,300.625474.584724.747457,300.625474.584724.747457,0101000020BD0B000071C99A1E99383B41DDF6118FDB932341,4605675,NA,FISH HABITAT - INFERRED - 050-080PCT,0,0,1277.4249743288963,2579.61832065537,0,0,0,0,0,0,0,0,0,0,761.7610189046475,0,0,0,0,0,0,0,0,0,3857.043294984266,3857.043294984266,0,3,NA,NA,"4606244,4605330,4604099",NA,NA,4.35721666266918,5.725802774458957,082J.108,MoTi,0101000020BD0B0000C4BE93A495383B41012FBF75D2932341,FLNR,FLNR 0103,NA
3,NA,4605705,pscis_phase1.xlsm,"c(1783313.23191626, 634863.231572495)",NA,NA,NA,NA,NA,NA,1419885,0103,01,OS,NA,HI,B40,Forest Service Road,00133893,DISTRICT MANAGER ROCKY MOUNTAIN (DRM),ACTIVE,0103 01 0,NA,NA,NA,NA,NA,NA,NA,NA,NA,NA,NA,NA,11,643874.0129703942,5560898.026803858,706814391,356430275,1000,1156,GA24850140,River/Stream - Indefinite,300-625474-584724-716680-000000-000000-000000-000000-000000-000000-000000-000000-000000-000000-000000-000000-000000-000000-000000-000000-000000,300-625474-584724-716680-162498-000000-000000-000000-000000-000000-000000-000000-000000-000000-000000-000000-000000-000000-000000-000000-000000,ELKR,300.625474.584724.716680,300.625474.584724.716680.162498,0101000020BD0B000060DE6F0B75363B41E74DC0BD6D622341,4605705,NA,FISH HABITAT - INFERRED - 030-050PCT,0,787.442420689697,341.426651906,88.9626287784,0,0,0,0,0,0,0,0,0,620.6776337619431,0,0,0,0,0,0,0,0,0,0,1217.8317013740968,1217.8317013740968,0,2,NA,NA,"4605354,4605355",NA,NA,NA,342.5053640494432,082J.103,MoTi,0101000020BD0B00002EDD5E3B11363B4187AB9076DE5F2341,FLNR,Unknown,NA
4,NA,4605708,pscis_phase1.xlsm,"c(1783288.58557069, 634102.530207904)",NA,NA,NA,NA,NA,NA,1419885,0103,01,OS,NA,HI,B40,Forest Service Road,00133893,DISTRICT MANAGER ROCKY MOUNTAIN (DRM),ACTIVE,0103 01 0,NA,NA,NA,NA,NA,NA,NA,NA,NA,NA,NA,NA,11,643611.0032412411,5559841.973359122,706814914,356517396,1000,448,GA24850150,River/Stream - Intermittent,300-625474-584724-711904-088567-000000-000000-000000-000000-000000-000000-000000-000000-000000-000000-000000-000000-000000-000000-000000-000000,300-625474-584724-711904-088567-000000-000000-000000-000000-000000-000000-000000-000000-000000-000000-000000-000000-000000-000000-000000-000000,ELKR,300.625474.584724.711904.088567,300.625474.584724.711904.088567,0101000020BD0B0000E816BAB1F7353B410660B9E5FA592341,4605708,NA,FISH HABITAT - INFERRED - 050-080PCT,0,0,1014.0523702620783,333.74523153020004,0,0,0,0,0,0,0,0,0,0,1014.0523702620783,333.74523153020004,0,0,0,0,0,0,0,0,1347.7976017922783,1347.7976017922783,0,0,NA,NA,NA,NA,NA,NA,6.975651600396635,082J.103,MoTi,0101000020BD0B0000E6F5E795F8353B410C69770FED592341,FLNR,FLNR 0103,NA
5,NA,4606835,pscis_phase1.xlsm,"c(1784588.70888326, 633545.393098425)",NA,NA,NA,NA,NA,NA,1534050,R08370,6,NA,NA,HI,B01,Road Permit,00001271,CANADIAN FOREST PRODUCTS LTD.,ACTIVE,R08370 6 0,NA,NA,NA,NA,NA,NA,NA,NA,NA,NA,NA,NA,11,644842.7443932492,5559101.998888181,706815396,356529801,1000,580,GA24850150,River/Stream - Intermittent,300-625474-584724-705247-000000-000000-000000-000000-000000-000000-000000-000000-000000-000000-000000-000000-000000-000000-000000-000000-000000,300-625474-584724-705247-000000-000000-000000-000000-000000-000000-000000-000000-000000-000000-000000-000000-000000-000000-000000-000000-000000,ELKR,300.625474.584724.705247,300.625474.584724.705247,0101000020BD0B000067E4AA221C3B3B41655BCB877A552341,4606335,4607172,NON FISH HABITAT,0,0,0,0,0,0,0,0,0,0,0,0,0,0,0,0,0,0,0,0,0,0,0,0,0,0,2,2,NA,"4607172,4606929","4605715,4605679",NA,NA,NA,19.623032195113176,082J.103,MoTi,0101000020BD0B0000995F79B50C3B3B41613244C992552341,Canfor,Canfor R08370,NA
6,NA,4606669,pscis_phase1.xlsm,"c(1786818.40141045, 629036.655309447)",NA,NA,NA,NA,NA,NA,933025,R08473,12,NA,NA,HI,B01,Road Permit,00001271,CANADIAN FOREST PRODUCTS LTD.,ACTIVE,R08473 12 0,NA,NA,NA,NA,NA,NA,NA,NA,NA,NA,NA,NA,11,646449.8267415662,5554372.076176978,706817576,356569772,1000,1429,GA24850150,River/Stream - Intermittent,300-625474-584724-661397-186513-000000-000000-000000-000000-000000-000000-000000-000000-000000-000000-000000-000000-000000-000000-000000-000000,300-625474-584724-661397-186513-257662-000000-000000-000000-000000-000000-000000-000000-000000-000000-000000-000000-000000-000000-000000-000000,ELKR,300.625474.584724.661397.186513,300.625474.584724.661397.186513.257662,0101000020BD0B000083D57AC7B4433B41994FA6256E322341,4606609,4605733,FISH HABITAT - INFERRED - 030-050PCT,0,148.76650926980483,0,791.6449884426445,0,0,0,0,0,0,0,0,0,148.76650926980483,0,791.6449884426445,0,0,0,0,0,0,0,0,940.4114977124493,940.4114977124493,1,3,NA,4605733,"4606062,4604349,4604348",NA,NA,NA,17.149447179126504,082J.103,MoTi,0101000020BD0B0000CCD5C266C2433B4146B8844F59322341,Canfor,Canfor R08473,NA
7,NA,4605733,pscis_phase1.xlsm,"c(1787755.29244155, 627476.49521141)",NA,NA,NA,NA,NA,NA,1419885,0103,01,OS,NA,HI,B40,Forest Service Road,00133893,DISTRICT MANAGER ROCKY MOUNTAIN (DRM),ACTIVE,0103 01 0,NA,NA,NA,NA,NA,NA,NA,NA,NA,NA,NA,NA,11,647184.0089268185,5552696.953750077,706818208,356533071,1000,598,GA24850000,River/Stream - Definite,300-625474-584724-661397-000000-000000-000000-000000-000000-000000-000000-000000-000000-000000-000000-000000-000000-000000-000000-000000-000000,300-625474-584724-661397-000000-000000-000000-000000-000000-000000-000000-000000-000000-000000-000000-000000-000000-000000-000000-000000-000000,ELKR,300.625474.584724.661397,300.625474.584724.661397,0101000020BD0B00005B050ADA63473B41CC406D0A2F262341,4605733,NA,FISH HABITAT - OBSERVED - 080-150PCT,200.6557156549495,346.020636963,134.153592293,3066.792903275277,0,0,0,0,0,1743.3755404027777,0,0,200.6557156549495,197.2541276931952,134.153592293,589.9785817741131,0,0,0,0,0,1743.3755404027777,0,0,5490.998388589004,5490.998388589004,0,8,{EB},NA,"4605298,4606062,4604349,4604348,4606607,4606610,4606609,4606608",3.68664167613983,NA,1.62301848779321,8.032182670406865,082J.103,MoTi,0101000020BD0B00000673DD4A6B473B4196598CFD28262341,FLNR,FLNR 0103,NA
8,NA,4605697,pscis_phase1.xlsm,"c(1789850.56018679, 623214.036621357)",NA,NA,NA,NA,NA,NA,1419885,0103,01,OS,NA,HI,B40,Forest Service Road,00133893,DISTRICT MANAGER ROCKY MOUNTAIN (DRM),ACTIVE,0103 01 0,NA,NA,NA,NA,NA,NA,NA,NA,NA,NA,NA,NA,11,648719.9432152511,5548194.045438245,706820299,356557682,1000,127,GA24850000,River/Stream - Definite,300-625474-584724-631731-000000-000000-000000-000000-000000-000000-000000-000000-000000-000000-000000-000000-000000-000000-000000-000000-000000,300-625474-584724-631731-000000-000000-000000-000000-000000-000000-000000-000000-000000-000000-000000-000000-000000-000000-000000-000000-000000,ELKR,300.625474.584724.631731,300.625474.584724.631731,0101000020BD0B0000E1122307994F3B41878325B3D3042341,4605697,NA,FISH HABITAT - OBSERVED - 080-150PCT,0,0,290.55490382,118.8173027841,2976.627142780009,8320.236568760763,0,0,0,6933.404506639071,3137.291466839451,0,0,0,0,0,0,0,0,0,0,1481.0571524270626,0,0,7342.776713243171,13456.695322862632,0,29,{EB},NA,"4603034,4603036,4603038,4603039,4603058,4603060,4603094,4603216,4605377,4605375,4603037,4603059,4605379,4605380,4605374,4603922,4603923,4603921,4605381,4605378,4605557,4605555,4605376,4605373,4605556,4605382,4600671,4603081,4603924",10.74257185235619,NA,NA,4.458322562266288,082J.103,Elkford,0101000020BD0B0000BA66688F9A4F3B41D308C012DC042341,FLNR,FLNR 0103,NA
9,NA,4600329,pscis_phase1.xlsm,"c(1797585.45977633, 591535.04688794)",313232,NA,arterial,Lower Elk Valley Rd,paved,NA,NA,NA,NA,NA,NA,NA,NA,NA,NA,NA,NA,NA,NA,NA,NA,NA,NA,NA,NA,NA,NA,NA,NA,NA,11,652324.7087734061,5515782.351570641,706832411,356569657,1000,460,GA24850140,River/Stream - Indefinite,300-625474-584724-427766-030001-284549-000000-000000-000000-000000-000000-000000-000000-000000-000000-000000-000000-000000-000000-000000-000000,300-625474-584724-427766-030001-284549-000000-000000-000000-000000-000000-000000-000000-000000-000000-000000-000000-000000-000000-000000-000000,ELKR,300.625474.584724.427766.030001.284549,300.625474.584724.427766.030001.284549,0101000020BD0B0000676F5406D26D3B418E7780D5500D2241,4600329,4606751,FISH HABITAT - INFERRED - 080-150PCT,0,0,0,2315.8107207099015,0,0,0,0,0,0,0,0,0,0,0,272.9307348583568,0,0,0,0,0,0,0,0,2315.8107207099015,2315.8107207099015,1,6,NA,4606751,"4600187,4601315,4601316,4601353,4601359,4601361",NA,NA,NA,6.65391902803798,082G.118,MoTi,0101000020BD0B0000CFE6B375D16D3B412FB201185E0D2241,NA,MoTi arterial,NA
10,NA,4600084,pscis_phase1.xlsm,"c(1796122.86505897, 596651.903198768)",196246,NA,arterial,Lower Elk Valley Rd,paved,NA,NA,NA,NA,NA,NA,NA,NA,NA,NA,NA,NA,NA,NA,NA,NA,NA,NA,NA,NA,NA,NA,NA,NA,NA,11,651526.5268195597,5521062.771105962,706830672,356548789,1000,899,GA24850150,River/Stream - Intermittent,300-625474-584724-451535-403402-000000-000000-000000-000000-000000-000000-000000-000000-000000-000000-000000-000000-000000-000000-000000-000000,300-625474-584724-451535-403402-090273-000000-000000-000000-000000-000000-000000-000000-000000-000000-000000-000000-000000-000000-000000-000000,ELKR,300.625474.584724.451535.403402,300.625474.584724.451535.403402.090273,0101000020BD0B0000C498620D14683B417B91EFC26B352241,4600094,4602280,FISH HABITAT - OBSERVED - 080-150PCT,0,0,7.1979063041,1352.3192832569416,524.231253991,179.98219308242756,0,0,0,2252.1450627466374,0,0,0,0,0,0,0,0,0,0,0,144.70359063621845,0,0,3611.662252307679,4135.893506298678,3,8,{EB},"4602344,4600326,4602280","4600185,4601194,4601198,4601220,4604508,4605240,4605239,4605299",NA,NA,NA,12.081601255758281,082G.123,MoTi,0101000020BD0B00002C8174DD1A683B41A61170CE57352241,NA,MoTi arterial,NA
11,NA,4600040,pscis_phase1.xlsm,"c(1796426.99001999, 597979.857413933)",157063,NA,local,Airport Rd,paved,NA,NA,NA,NA,NA,NA,NA,NA,NA,NA,NA,NA,NA,NA,NA,NA,NA,NA,NA,NA,NA,NA,NA,NA,NA,11,652002.2561630597,5522329.150609032,706830688,356551142,1000,5028,GA24850150,River/Stream - Intermittent,300-625474-584724-451535-000000-000000-000000-000000-000000-000000-000000-000000-000000-000000-000000-000000-000000-000000-000000-000000-000000,300-625474-584724-451535-403402-000000-000000-000000-000000-000000-000000-000000-000000-000000-000000-000000-000000-000000-000000-000000-000000,ELKR,300.625474.584724.451535,300.625474.584724.451535.403402,0101000020BD0B0000209B825E49693B41F6C3F594B53F2241,4600040,4602344,FISH HABITAT - OBSERVED - 080-150PCT,82.8948318207,30.2544757504,29.1674716457,60.6380615416,589.7756306113672,0,0,0,0,1714.5701122259625,0,0,0,0,0,0,0,0,0,0,0,275.2348005276308,0,0,1917.5249529843625,2507.3005835957297,2,7,{EB},"4602344,4600326","4600037,4600038,4600039,4601189,4601190,4601191,4601192",NA,NA,NA,1.940230115871302,082G.123,MoTi,0101000020BD0B000032F371FD4A693B4185F5FEB6B73F2241,NA,MoTi local,NA
12,NA,4600037,pscis_phase1.xlsm,"c(1796238.30343308, 598369.818986281)",157062,NA,arterial,Lower Elk Valley Rd,paved,NA,NA,NA,NA,NA,NA,NA,NA,NA,NA,NA,NA,NA,NA,NA,NA,NA,NA,NA,NA,NA,NA,NA,NA,NA,11,651869.0793572688,5522700.095397262,706830688,356551142,1000,5510,GA24850150,River/Stream - Intermittent,300-625474-584724-451535-000000-000000-000000-000000-000000-000000-000000-000000-000000-000000-000000-000000-000000-000000-000000-000000-000000,300-625474-584724-451535-403402-000000-000000-000000-000000-000000-000000-000000-000000-000000-000000-000000-000000-000000-000000-000000-000000,ELKR,300.625474.584724.451535,300.625474.584724.451535.403402,0101000020BD0B0000EC06779E95683B41299EE70B73422241,4600037,4600039,FISH HABITAT - OBSERVED - 080-150PCT,82.8948318207,30.2544757504,29.1674716457,60.6380615416,589.7756306113672,0,0,0,0,1233.362652282195,0,0,0,0,0,0,0,0,0,0,0,264.32976795038303,0,0,1436.317493040595,2026.0931236519623,4,5,{EB},"4600039,4600040,4602344,4600326","4600038,4601189,4601190,4601191,4601192",NA,NA,NA,40.954411446324194,082G.123,MoTi,0101000020BD0B00004ACAAD4D8E683B417A2B52A3C3422241,NA,MoTi arterial,NA
13,NA,4600038,pscis_phase1.xlsm,"c(1796269.02747933, 598522.015030992)",157062,NA,arterial,Lower Elk Valley Rd,paved,NA,NA,NA,NA,NA,NA,NA,NA,NA,NA,NA,NA,NA,NA,NA,NA,NA,NA,NA,NA,NA,NA,NA,NA,NA,11,651935.1039830104,5522928.786091549,706830688,356551142,1000,5774,GA24850150,River/Stream - Intermittent,300-625474-584724-451535-000000-000000-000000-000000-000000-000000-000000-000000-000000-000000-000000-000000-000000-000000-000000-000000-000000,300-625474-584724-451535-403402-000000-000000-000000-000000-000000-000000-000000-000000-000000-000000-000000-000000-000000-000000-000000-000000,ELKR,300.625474.584724.451535,300.625474.584724.451535.403402,0101000020BD0B0000E498DCBFB9683B412A399D9249442241,4600038,4600037,FISH HABITAT - OBSERVED - 080-150PCT,82.8948318207,30.2544757504,29.1674716457,60.6380615416,589.7756306113672,0,0,0,0,969.032884331812,0,0,82.8948318207,30.2544757504,29.1674716457,60.6380615416,121.75954597674377,0,0,0,0,969.032884331812,0,0,1171.987725090212,1761.7633557015793,5,4,{EB},"4600037,4600039,4600040,4602344,4600326","4601189,4601190,4601191,4601192",NA,NA,NA,44.6232563810926,082G.123,MoTi,0101000020BD0B0000B4E20807AD683B416724B207F4432241,NA,MoTi arterial,NA
14,NA,4600183,pscis_phase1.xlsm,"c(1795209.89790723, 604434.705422202)",302762,NA,local,Busato Rd,loose,NA,NA,NA,NA,NA,NA,NA,NA,NA,NA,NA,NA,NA,NA,NA,NA,NA,NA,NA,NA,NA,NA,NA,NA,NA,11,651627.2301014808,5528885.672724558,706828712,356563721,1000,599,GA24850000,River/Stream - Definite,300-625474-584724-507380-000000-000000-000000-000000-000000-000000-000000-000000-000000-000000-000000-000000-000000-000000-000000-000000-000000,300-625474-584724-507380-000000-000000-000000-000000-000000-000000-000000-000000-000000-000000-000000-000000-000000-000000-000000-000000-000000,ELKR,300.625474.584724.507380,300.625474.584724.507380,0101000020BD0B0000C494BE6A8B643B4135B8521C21722241,4600183,NA,FISH HABITAT - OBSERVED - 080-150PCT,526.554755777928,3014.290647300551,3315.002717388895,1391.6839342256994,5211.999029996762,273.7600878525616,0,0,0,12139.818793504237,1919.55368767407,2102.102490030002,0,0,0,0,0,0,0,0,0,128.4805318326671,0,0,20387.35084819731,27518.903565868142,0,29,"{BT,DV,RB,WCT}",NA,"4602276,4600070,4601205,4602464,4602939,4606026,4606133,4606263,4602463,4606260,4604863,4606448,4605975,4606283,4606072,4606070,4606068,4606066,4606065,4606136,4606018,4606017,4606016,4606019,4606020,4606027,4606025,4606449,4606261",7.0006529993146644,NA,NA,2.6325840606904016,082G.123,MoTi,0101000020BD0B0000813FDDE589643B414E192D6925722241,NA,MoTi local,NA
15,NA,4600069,pscis_phase1.xlsm,"c(1793333.20320629, 607385.188049666)",1963738,43,highway,Hwy 43,paved,NA,NA,NA,NA,NA,NA,NA,NA,NA,NA,NA,NA,NA,NA,NA,NA,NA,NA,NA,NA,NA,NA,NA,NA,NA,11,650152.024750734,5532050.792051876,706827251,356568905,1000,1074,GA24850000,River/Stream - Definite,300-625474-584724-529811-000000-000000-000000-000000-000000-000000-000000-000000-000000-000000-000000-000000-000000-000000-000000-000000-000000,300-625474-584724-529811-000000-000000-000000-000000-000000-000000-000000-000000-000000-000000-000000-000000-000000-000000-000000-000000-000000,ELKR,300.625474.584724.529811,300.625474.584724.529811,0101000020BD0B00007C1619B43D5D3B41026624172C892241,4600069,NA,FISH HABITAT - INFERRED - 030-050PCT,0,196.2364332557222,610.563926464,14610.445076223756,3385.8658343013667,1218.619459270806,0,0,0,0,0,0,0,196.2364332557222,610.563926464,399.4265275902253,0,0,0,0,0,0,0,0,15417.245435943478,18803.111270244844,0,46,NA,NA,"4600506,4600507,4600508,4600509,4600510,4600511,4602907,4602908,4602909,4602910,4602915,4602916,4602949,4602950,4605995,4606895,4605949,4606007,4606003,4606001,4605999,4605043,4602951,4605254,4606071,4606002,4605998,4605994,4605996,4606005,4605993,4605992,4605989,4606008,4606064,4605255,4606000,4606004,4606009,4605997,4606010,4606011,4605991,4600505,4605990,4606006",NA,NA,NA,9.062705593896554,082G.123,MoTi,0101000020BD0B0000C6530534355D3B41BB0B486032892241,NA,MoTi highway,NA
16,NA,4601205,pscis_phase1.xlsm,"c(1794554.7446792, 603971.743282126)",793893,NA,unclassified,NA,rough,NA,NA,NA,NA,NA,NA,NA,NA,NA,NA,NA,NA,NA,NA,NA,NA,NA,NA,NA,NA,NA,NA,NA,NA,NA,11,650916.0345450707,5528510.94825504,706828712,356563721,1000,1490,GA24850000,River/Stream - Definite,300-625474-584724-507380-000000-000000-000000-000000-000000-000000-000000-000000-000000-000000-000000-000000-000000-000000-000000-000000-000000,300-625474-584724-507380-000000-000000-000000-000000-000000-000000-000000-000000-000000-000000-000000-000000-000000-000000-000000-000000-000000,ELKR,300.625474.584724.507380,300.625474.584724.507380,0101000020BD0B0000713FE90CFA613B41E5D2372B836E2241,4601205,4600070,FISH HABITAT - OBSERVED - 080-150PCT,526.554755777928,3014.290647300551,3315.002717388895,1391.6839342256994,5211.999029996762,273.7600878525616,0,0,0,11248.049780610356,1919.55368767407,2102.102490030002,0,-9.094947017729282e-13,4.547473508864641e-13,2.2737367544323206e-13,-9.094947017729282e-13,5.684341886080802e-14,0,0,0,1399.7358438718566,2.2737367544323206e-13,0,19495.581835303426,26627.13455297426,2,27,"{RB,WCT}","4600070,4600183","4602276,4602464,4602939,4606026,4606133,4606263,4602463,4606260,4604863,4606448,4605975,4606283,4606072,4606070,4606068,4606066,4606065,4606136,4606018,4606017,4606016,4606019,4606020,4606027,4606025,4606449,4606261",7.0006529993146644,NA,NA,2.267753061190921,082G.123,MoTi,0101000020BD0B0000C94BA3BEFA613B418A798F7C876E2241,NA,MoTi unclassified,NA
17,NA,4602276,pscis_phase1.xlsm,"c(1793479.25647082, 603249.670120298)",809303,NA,unclassified,NA,loose,NA,NA,NA,NA,NA,NA,NA,NA,NA,NA,NA,NA,NA,NA,NA,NA,NA,NA,NA,NA,NA,NA,NA,NA,NA,11,649772.978366106,5527928.027587056,706829008,356563721,1000,2890,GA24850000,River/Stream - Definite,300-625474-584724-507380-000000-000000-000000-000000-000000-000000-000000-000000-000000-000000-000000-000000-000000-000000-000000-000000-000000,300-625474-584724-507380-096307-000000-000000-000000-000000-000000-000000-000000-000000-000000-000000-000000-000000-000000-000000-000000-000000,ELKR,300.625474.584724.507380,300.625474.584724.507380.096307,0101000020BD0B0000D8E58802D75D3B412487B85BD9682241,4602276,4601205,FISH HABITAT - OBSERVED - 080-150PCT,526.554755777928,3014.290647300552,3315.0027173888943,1391.6839342256992,5211.999029996763,273.7600878525615,0,0,0,9848.3139367385,1919.5536876740698,2102.102490030002,526.554755777928,3014.290647300552,3315.0027173888943,1391.6839342256992,5211.999029996763,273.7600878525615,0,0,0,9848.3139367385,1919.5536876740698,2102.102490030002,18095.84599143157,25227.398709102406,3,10,"{RB,WCT}","4601205,4600070,4600183","4602464,4606263,4602463,4606260,4606448,4605975,4606283,4606136,4606449,4606261",7.0006529993146644,NA,NA,16.52514559792293,082G.123,MoTi,0101000020BD0B00006812A841C75D3B41F9011A57E3682241,NA,MoTi unclassified,NA
18,NA,4600184,pscis_phase1.xlsm,"c(1795402.18026522, 597715.043265157)",302769,43,highway,Hwy 43,paved,NA,NA,NA,NA,NA,NA,NA,NA,NA,NA,NA,NA,NA,NA,NA,NA,NA,NA,NA,NA,NA,NA,NA,NA,NA,11,650960.5917385791,5522183.871847648,706830645,356562897,1000,1875,GA24850150,River/Stream - Intermittent,300-625474-584724-451535-403402-090273-000000-000000-000000-000000-000000-000000-000000-000000-000000-000000-000000-000000-000000-000000-000000,300-625474-584724-451535-403402-090273-000000-000000-000000-000000-000000-000000-000000-000000-000000-000000-000000-000000-000000-000000-000000,ELKR,300.625474.584724.451535.403402.090273,300.625474.584724.451535.403402.090273,0101000020BD0B0000C0227DA952653B419142D3C6893D2241,4600184,4601219,FISH HABITAT - OBSERVED - 080-150PCT,317.594274294,1198.09957757,202.859501106,1177.3823807428116,0,0,0,0,0,234.4942188384714,0,0,298.1811786254019,0,0,0,0,0,0,0,0,234.4942188384714,0,0,3130.4299525512824,3130.4299525512824,6,11,{EB},"4602344,4600326,4602280,4601219,4600093,4602324","4601199,4601201,4601209,4601218,4605558,4605559,4605561,4601206,4601195,4601197,4602268",NA,NA,NA,16.501609406312845,082G.123,MoTi,0101000020BD0B000086DC252E4A653B41C3D92616A63D2241,NA,MoTi highway,NA
19,NA,4600185,pscis_phase1.xlsm,"c(1795600.93416478, 596554.05499461)",302773,43,highway,Hwy 43,paved,NA,NA,NA,NA,NA,NA,NA,NA,NA,NA,NA,NA,NA,NA,NA,NA,NA,NA,NA,NA,NA,NA,NA,NA,NA,11,651008.1636514604,5521017.526919151,706830672,356548789,1000,1480,GA24850150,River/Stream - Intermittent,300-625474-584724-451535-403402-000000-000000-000000-000000-000000-000000-000000-000000-000000-000000-000000-000000-000000-000000-000000-000000,300-625474-584724-451535-403402-090273-000000-000000-000000-000000-000000-000000-000000-000000-000000-000000-000000-000000-000000-000000-000000,ELKR,300.625474.584724.451535.403402,300.625474.584724.451535.403402.090273,0101000020BD0B0000E62C899F17663B41398486D28C342241,4600185,4601220,FISH HABITAT - OBSERVED - 080-150PCT,0,0,7.1979063041,1352.3192832569418,524.231253991,179.98219308242756,0,0,0,1671.4200848114594,0,0,0,0,7.1979063041,1241.218890061942,0,0,0,0,0,1259.9025902441933,0,0,3030.937274372501,3555.1685283635015,5,6,{EB},"4602344,4600326,4601220,4600094,4602280","4601194,4601198,4604508,4605240,4605239,4605299",NA,NA,NA,7.617111204870143,082G.123,MoTi,0101000020BD0B0000546C25EF10663B41E540281C94342241,NA,MoTi highway,NA
20,NA,2020091801,pscis_phase1.xlsm,"c(1795759.48134036, 574913.48400826)",NA,NA,NA,NA,NA,NA,1472074,6946,01,OS,NA,HI,B40,Forest Service Road,00133893,DISTRICT MANAGER ROCKY MOUNTAIN (DRM),ACTIVE,6946 01 0,NA,NA,NA,NA,NA,NA,NA,NA,NA,NA,NA,NA,11,648371.2579161166,5499554.971594769,706836799,356564642,1000,426,GA24850150,River/Stream - Intermittent,300-625474-584724-342196-000000-000000-000000-000000-000000-000000-000000-000000-000000-000000-000000-000000-000000-000000-000000-000000-000000,300-625474-584724-342196-000000-000000-000000-000000-000000-000000-000000-000000-000000-000000-000000-000000-000000-000000-000000-000000-000000,ELKR,300.625474.584724.342196,300.625474.584724.342196,0101000020BD0B0000D583D960A3663B41BBC05914A68B2141,4606091,NA,FISH HABITAT - OBSERVED - 080-150PCT,104.01664038,325.970857168834,745.1151008631,4097.8895916640195,69.3065926053,33.690829109474294,0,0,0,3049.2369895307415,765.523580125611,0,0,0,0,0,0,0,0,0,0,371.865350687518,0,0,8322.229179606695,9157.059352337606,0,20,{WCT},NA,"4605923,4607023,4601487,4601488,4602424,4606287,4606288,4606915,4607022,4606148,4606462,4606463,4606459,4606464,4606458,4605922,4606289,4606460,4606461,4605419",NA,NA,NA,21.3233931993265,082G.118,MoTi,0101000020BD0B0000321F397BAF663B413CEECFF7828B2141,FLNR,FLNR 6946,NA
21,NA,4607023,pscis_phase1.xlsm,"c(1795364.70745272, 575312.927227761)",NA,NA,NA,NA,NA,NA,980679,R08477,9,NA,NA,HI,B01,Road Permit,00001271,CANADIAN FOREST PRODUCTS LTD.,ACTIVE,R08477 9 0,NA,NA,NA,NA,NA,NA,NA,NA,NA,NA,NA,NA,11,648041.6641231691,5499979.119621224,706836638,356538067,1000,101,GA24850150,River/Stream - Intermittent,300-625474-584724-342196-100997-000000-000000-000000-000000-000000-000000-000000-000000-000000-000000-000000-000000-000000-000000-000000-000000,300-625474-584724-342196-100997-000000-000000-000000-000000-000000-000000-000000-000000-000000-000000-000000-000000-000000-000000-000000-000000,ELKR,300.625474.584724.342196.100997,300.625474.584724.342196.100997,0101000020BD0B00003DCC5EDD25653B41FBDEB6549A8E2141,4605923,4607023,FISH HABITAT - OBSERVED - 080-150PCT,104.01664038,27.2750562475,183.2152589511,547.4182172797,69.3065926053,33.690829109474294,0,0,0,890.4409435880129,765.523580125611,0,104.01664038,27.2750562475,183.2152589511,547.4182172797,69.3065926053,33.690829109474294,0,0,0,890.4409435880129,765.523580125611,0,1752.3661164463128,2587.1962891772237,4,4,{WCT},"4607022,4606915,4606091,4607023","4601487,4601488,4606148,4605922",NA,NA,NA,3.9357590792959303,082G.118,MoTi,0101000020BD0B0000079F1BB524653B41D998BDDAA18E2141,Canfor,Canfor R08477,NA
22,NA,4604198,pscis_phase1.xlsm,"c(1795328.29562385, 573864.701438298)",NA,NA,NA,NA,NA,NA,1472074,6946,01,OS,NA,HI,B40,Forest Service Road,00133893,DISTRICT MANAGER ROCKY MOUNTAIN (DRM),ACTIVE,6946 01 0,NA,NA,NA,NA,NA,NA,NA,NA,NA,NA,NA,NA,11,647811.298583008,5498482.996863715,706837142,356540859,1000,237,GA24850150,River/Stream - Intermittent,300-625474-584724-336836-000000-000000-000000-000000-000000-000000-000000-000000-000000-000000-000000-000000-000000-000000-000000-000000-000000,300-625474-584724-336836-000000-000000-000000-000000-000000-000000-000000-000000-000000-000000-000000-000000-000000-000000-000000-000000-000000,ELKR,300.625474.584724.336836,300.625474.584724.336836,0101000020BD0B000033E7AE6201653B4143263D96C8822141,4606094,NA,NON FISH HABITAT,0,0,0,0,0,0,0,0,0,0,0,0,0,0,0,0,0,0,0,0,0,0,0,0,0,0,0,3,NA,NA,"4601037,4603308,4604198",NA,NA,NA,68.41668411772307,082G.118,MoTi,0101000020BD0B00003801AE4B00653B41A8EB226751832141,FLNR,FLNR 6946,NA
23,NA,4600367,pscis_phase1.xlsm,"c(1792081.09102935, 565553.436947932)",322163,NA,collector,Dicken Rd,paved,NA,NA,NA,NA,NA,NA,NA,NA,NA,NA,NA,NA,NA,NA,NA,NA,NA,NA,NA,NA,NA,NA,NA,NA,NA,11,643537.7473332487,5490715.912467181,706840586,356519898,1000,958,GA24850000,River/Stream - Definite,300-625474-584724-287942-000000-000000-000000-000000-000000-000000-000000-000000-000000-000000-000000-000000-000000-000000-000000-000000-000000,300-625474-584724-287942-000000-000000-000000-000000-000000-000000-000000-000000-000000-000000-000000-000000-000000-000000-000000-000000-000000,ELKR,300.625474.584724.287942,300.625474.584724.287942,0101000020BD0B000035593FB855583B41F906FFC855422141,4600367,4600157,FISH HABITAT - OBSERVED - 080-150PCT,0,39.9863230688,66.4634579187,2693.0366860764,0,0,0,0,0,7617.957105024818,0,0,0,0,0,0,0,0,0,0,0,277.6648987687913,0,0,10417.443572088718,10417.443572088718,1,19,"{DV,EB,WCT}",4600157,"4606521,4603295,4603296,4606518,4606036,4606037,4606516,4606513,4606512,4606520,4606281,4606511,4606519,4606517,4605837,4606038,4606515,4606514,4603294",1.57198160171211,NA,NA,8.015835525388711,082G.113,MoTi,0101000020BD0B00000EB34D1751583B41ADA3B7DF62422141,NA,MoTi collector,NA
24,NA,2020092201,pscis_phase1.xlsm,"c(1784337.20053019, 558608.781941581)",808240,NA,recreation,Mt Fernie Park Rd,loose,NA,NA,NA,NA,NA,NA,NA,NA,NA,NA,NA,NA,NA,NA,NA,NA,NA,NA,NA,NA,NA,NA,NA,NA,NA,11,634520.0172191001,5484491.9761168575,706844611,356430161,1000,146,GA24850150,River/Stream - Intermittent,300-625474-584724-233916-594914-000000-000000-000000-000000-000000-000000-000000-000000-000000-000000-000000-000000-000000-000000-000000-000000,300-625474-584724-233916-594914-000000-000000-000000-000000-000000-000000-000000-000000-000000-000000-000000-000000-000000-000000-000000-000000,ELKR,300.625474.584724.233916.594914,300.625474.584724.233916.594914,0101000020BD0B00000BF09BAF7E383B41199BB2FA13092141,4602144,4601559,FISH HABITAT - INFERRED - 080-150PCT,0,0,0,151.6341817467723,0,0,0,0,0,0,0,0,0,0,0,151.6341817467723,0,0,0,0,0,0,0,0,151.6341817467723,151.6341817467723,2,0,NA,"4601559,4602182",NA,NA,NA,NA,561.0138933518832,082G.113,MoTi,0101000020BD0B000044F25533113A3B4199A55A90210C2141,NA,Unknown,NA
25,NA,2020092301,pscis_phase1.xlsm,"c(1785953.44015813, 557855.507422385)",808365,NA,unclassified,NA,rough,NA,NA,NA,NA,NA,NA,NA,NA,NA,NA,NA,NA,NA,NA,NA,NA,NA,NA,NA,NA,NA,NA,NA,NA,NA,11,636128.0239820946,5484029.980022345,706844794,356495130,1000,122,GA24850150,River/Stream - Intermittent,300-625474-584724-233916-441528-000000-000000-000000-000000-000000-000000-000000-000000-000000-000000-000000-000000-000000-000000-000000-000000,300-625474-584724-233916-441528-000000-000000-000000-000000-000000-000000-000000-000000-000000-000000-000000-000000-000000-000000-000000-000000,ELKR,300.625474.584724.233916.441528,300.625474.584724.233916.441528,0101000020BD0B00006ABF7CEAF53E3B41B2FE1F4F1D072141,4602161,4602182,FISH HABITAT - INFERRED - 080-150PCT,0,0,0,682.5271364758554,0,0,0,0,0,0,0,0,0,0,0,63.24150030198928,0,0,0,0,0,0,0,0,682.5271364758554,682.5271364758554,1,2,NA,4602182,"4600929,4602147",NA,NA,NA,380.1361864304307,082G.113,MoTi,0101000020BD0B0000FA33AE7061403B41E7DDCC033F062141,NA,Unknown,NA
26,NA,4600077,pscis_phase1.xlsm,"c(1789349.58963863, 558047.407403462)",195540,NA,local,Mount McLean Dr,paved,NA,NA,NA,NA,NA,NA,NA,NA,NA,NA,NA,NA,NA,NA,NA,NA,NA,NA,NA,NA,NA,NA,NA,NA,NA,11,639873.9551755047,5483615.646550209,706844671,356515756,1000,451,GA24850000,River/Stream - Definite,300-625474-584724-244249-000000-000000-000000-000000-000000-000000-000000-000000-000000-000000-000000-000000-000000-000000-000000-000000-000000,300-625474-584724-244249-000000-000000-000000-000000-000000-000000-000000-000000-000000-000000-000000-000000-000000-000000-000000-000000-000000,ELKR,300.625474.584724.244249,300.625474.584724.244249,0101000020BD0B00006AA95BEDB04D3B413C89A7DDAA072141,4600077,NA,FISH HABITAT - INFERRED - 080-150PCT,0,0,0,862.2068348578966,0,0,0,0,0,0,0,0,0,0,0,86.51307776230158,0,0,0,0,0,0,0,0,862.2068348578966,862.2068348578966,0,6,NA,NA,"4600130,4600147,4604828,4606807,4600078,4600079",NA,NA,NA,15.100668390815818,082G.113,Fernie,0101000020BD0B00009C8EF296A54D3B41BF2F97D0BE072141,NA,Fernie local,NA
27,NA,4600102,pscis_phase1.xlsm,"c(1790039.17993952, 556166.348030281)",302648,NA,local,McGiverin Rd,loose,NA,NA,NA,NA,NA,NA,NA,NA,NA,NA,NA,NA,NA,NA,NA,NA,NA,NA,NA,NA,NA,NA,NA,NA,NA,11,640301.442006551,5481687.348322853,706846377,356546175,1000,1579,GA24850150,River/Stream - Intermittent,300-625474-584724-218710-391432-066661-000000-000000-000000-000000-000000-000000-000000-000000-000000-000000-000000-000000-000000-000000-000000,300-625474-584724-218710-391432-066661-000000-000000-000000-000000-000000-000000-000000-000000-000000-000000-000000-000000-000000-000000-000000,ELKR,300.625474.584724.218710.391432.066661,300.625474.584724.218710.391432.066661,0101000020BD0B00002838ADAF50503B41529286F329F92041,4600162,4606805,FISH HABITAT - INFERRED - 050-080PCT,0,0,448.62139413355294,21.9555727316,0,0,0,0,0,0,0,0,0,0,448.62139413355294,21.9555727316,0,0,0,0,0,0,0,0,470.57696686515294,470.57696686515294,8,1,NA,"4602351,4603275,4601996,4603288,4606805,4603267,4600008,4600315",4600089,NA,NA,NA,16.00421898904208,082G.113,MoTi,0101000020BD0B00004684102E57503B41660631B20CF92041,NA,MoTi local,NA
28,NA,4603265,pscis_phase1.xlsm,"c(1790023.14567533, 556142.097949571)",NA,NA,NA,NA,NA,NA,NA,NA,NA,NA,NA,NA,NA,NA,NA,NA,NA,NA,NA,NA,bf40fe05c2374536aa64050c6919c4de,None,Main,Freight,Standard,Operational,Canadian Pacific,Canadian Pacific,NA,NA,11,640271.7140195167,5481667.979829738,706846377,356546175,1000,1543,GA24850150,River/Stream - Intermittent,300-625474-584724-218710-391432-066661-000000-000000-000000-000000-000000-000000-000000-000000-000000-000000-000000-000000-000000-000000-000000,300-625474-584724-218710-391432-066661-000000-000000-000000-000000-000000-000000-000000-000000-000000-000000-000000-000000-000000-000000-000000,ELKR,300.625474.584724.218710.391432.066661,300.625474.584724.218710.391432.066661,0101000020BD0B0000E9BFA2AA35503B41CCC0C5E8FBF82041,4606805,4603267,FISH HABITAT - INFERRED - 050-080PCT,0,0,484.1746524135665,21.9555727316,0,0,0,0,0,0,0,0,0,0,35.55325828001355,0,0,0,0,0,0,0,0,0,506.1302251451665,506.1302251451665,7,2,NA,"4602351,4603275,4601996,4603288,4603267,4600008,4600315","4600089,4600162",NA,NA,NA,23.59988134571536,082G.113,MoTi,0101000020BD0B000068FA4A2547503B4134722632DCF82041,NA,Canadian Pacific,NA
29,NA,4600008,pscis_phase1.xlsm,"c(1790039.32530068, 555869.048684022)",156673,NA,local,Robinson Rd,loose,NA,NA,NA,NA,NA,NA,NA,NA,NA,NA,NA,NA,NA,NA,NA,NA,NA,NA,NA,NA,NA,NA,NA,NA,NA,11,640242.6907907693,5481367.712228794,706846377,356546175,1000,1101,GA24850150,River/Stream - Intermittent,300-625474-584724-218710-391432-066661-000000-000000-000000-000000-000000-000000-000000-000000-000000-000000-000000-000000-000000-000000-000000,300-625474-584724-218710-391432-066661-000000-000000-000000-000000-000000-000000-000000-000000-000000-000000-000000-000000-000000-000000-000000,ELKR,300.625474.584724.218710.391432.066661,300.625474.584724.218710.391432.066661,0101000020BD0B000025F6BF653F503B414357162DA1F62041,4600008,4600315,FISH HABITAT - INFERRED - 050-080PCT,0,0,927.0076160703688,21.9555727316,0,0,0,0,0,0,0,0,0,0,405.859392518973,0,0,0,0,0,0,0,0,0,948.9631888019688,948.9631888019688,5,4,NA,"4602351,4603275,4601996,4603288,4600315","4600089,4600162,4603267,4606805",NA,NA,NA,26.977929262879368,082G.113,MoTi,0101000020BD0B0000D4E7465357503B41B71CED18BAF62041,NA,MoTi local,NA
30,NA,2020092302,pscis_phase1.xlsm,"c(1790029.74204664, 555553.356471164)",352571,NA,local,Hill Rd,loose,NA,NA,NA,NA,NA,NA,NA,NA,NA,NA,NA,NA,NA,NA,NA,NA,NA,NA,NA,NA,NA,NA,NA,NA,NA,11,640319.2543979426,5480836.755210938,706846377,356546175,1000,518,GA24850150,River/Stream - Intermittent,300-625474-584724-218710-391432-066661-000000-000000-000000-000000-000000-000000-000000-000000-000000-000000-000000-000000-000000-000000-000000,300-625474-584724-218710-391432-066661-000000-000000-000000-000000-000000-000000-000000-000000-000000-000000-000000-000000-000000-000000-000000,ELKR,300.625474.584724.218710.391432.066661,300.625474.584724.218710.391432.066661,0101000020BD0B000064F17388CF503B416174614498F22041,4600315,4602351,FISH HABITAT - INFERRED - 050-080PCT,0,0,1509.1990487738503,21.9555727316,0,0,0,0,0,0,0,0,0,0,582.1914327034815,0,0,0,0,0,0,0,0,0,1531.1546215054505,1531.1546215054505,4,5,NA,"4602351,4603275,4601996,4603288","4600089,4603267,4606805,4600162,4600008",NA,NA,NA,249.61912604457342,082G.113,MoTi,0101000020BD0B0000C6C4F6BD4D503B416F6383B642F42041,NA,Unknown,NA
31,NA,2020092303,pscis_phase1.xlsm,"c(1790043.42341283, 555517.838288323)",352571,NA,local,Hill Rd,loose,NA,NA,NA,NA,NA,NA,NA,NA,NA,NA,NA,NA,NA,NA,NA,NA,NA,NA,NA,NA,NA,NA,NA,NA,NA,11,640319.2543979426,5480836.755210938,706846377,356546175,1000,518,GA24850150,River/Stream - Intermittent,300-625474-584724-218710-391432-066661-000000-000000-000000-000000-000000-000000-000000-000000-000000-000000-000000-000000-000000-000000-000000,300-625474-584724-218710-391432-066661-000000-000000-000000-000000-000000-000000-000000-000000-000000-000000-000000-000000-000000-000000-000000,ELKR,300.625474.584724.218710.391432.066661,300.625474.584724.218710.391432.066661,0101000020BD0B000064F17388CF503B416174614498F22041,4600315,4602351,FISH HABITAT - INFERRED - 050-080PCT,0,0,1509.1990487738503,21.9555727316,0,0,0,0,0,0,0,0,0,0,582.1914327034815,0,0,0,0,0,0,0,0,0,1531.1546215054505,1531.1546215054505,4,5,NA,"4602351,4603275,4601996,4603288","4600089,4603267,4606805,4600162,4600008",NA,NA,NA,212.27438037356214,082G.113,MoTi,0101000020BD0B00007CC8646C5B503B418C2034ADFBF32041,NA,Unknown,NA
32,NA,4605636,pscis_phase1.xlsm,"c(1783232.30116289, 638725.156059056)",NA,NA,NA,NA,NA,NA,1419885,0103,01,OS,NA,HI,B40,Forest Service Road,00133893,DISTRICT MANAGER ROCKY MOUNTAIN (DRM),ACTIVE,0103 01 0,NA,NA,NA,NA,NA,NA,NA,NA,NA,NA,NA,NA,11,644164.9842182762,5564451.971279105,706812997,356533849,1000,862,GA24850150,River/Stream - Intermittent,300-625474-584724-735129-000000-000000-000000-000000-000000-000000-000000-000000-000000-000000-000000-000000-000000-000000-000000-000000-000000,300-625474-584724-735129-000000-000000-000000-000000-000000-000000-000000-000000-000000-000000-000000-000000-000000-000000-000000-000000-000000,ELKR,300.625474.584724.735129,300.625474.584724.735129,0101000020BD0B0000A6F902AFCD353B41D141392F447E2341,4605636,4604357,FISH HABITAT - OBSERVED - 080-150PCT,0,0,0,102.427123143,658.0806541925798,618.9031934275381,0,0,0,355.0314515918002,0,0,0,0,0,102.427123143,658.0806541925798,618.9031934275381,0,0,0,355.0314515918002,0,0,457.4585747348002,1115.53922892738,1,0,"{BT,DV,WCT}",4604357,NA,NA,NA,NA,31.880917088703956,082J.108,MoTi,0101000020BD0B0000EB02194DC0353B41FBF8E64F0A7E2341,FLNR,FLNR 0103,NA
33,NA,4605707,pscis_phase1.xlsm,"c(1783489.12679966, 635436.711405855)",NA,NA,NA,NA,NA,NA,1419885,0103,01,OS,NA,HI,B40,Forest Service Road,00133893,DISTRICT MANAGER ROCKY MOUNTAIN (DRM),ACTIVE,0103 01 0,NA,NA,NA,NA,NA,NA,NA,NA,NA,NA,NA,NA,11,643981.0092018626,5561133.044482158,706814321,356545046,1000,339,GA24850140,River/Stream - Indefinite,300-625474-584724-716680-162498-000000-000000-000000-000000-000000-000000-000000-000000-000000-000000-000000-000000-000000-000000-000000-000000,300-625474-584724-716680-162498-000000-000000-000000-000000-000000-000000-000000-000000-000000-000000-000000-000000-000000-000000-000000-000000,ELKR,300.625474.584724.716680.162498,300.625474.584724.716680.162498,0101000020BD0B00001AEE7F00C1363B4144A9547F5B642341,4605707,NA,FISH HABITAT - INFERRED - 030-050PCT,0,527.7505622188121,134.811998369,670.22433995,38.3831422514,94.210063199,0,0,0,0,0,0,0,527.7505622188121,134.811998369,515.8901752334065,0,0,0,0,0,0,0,0,1332.786900537812,1371.170042789212,0,1,NA,NA,4606436,2.05805598627329,NA,NA,1.044773232058091,082J.103,MoTi,0101000020BD0B00004AF17520C1363B4163633D6C59642341,FLNR,FLNR 0103,NA
34,NA,4605742,pscis_phase1.xlsm,"c(1783223.53272917, 634348.305573247)",NA,NA,NA,NA,NA,NA,1419885,0103,01,OS,NA,HI,B40,Forest Service Road,00133893,DISTRICT MANAGER ROCKY MOUNTAIN (DRM),ACTIVE,0103 01 0,NA,NA,NA,NA,NA,NA,NA,NA,NA,NA,NA,NA,11,643583.0067751855,5560087.93042994,706814863,356548652,1000,1422,GA24850000,River/Stream - Definite,300-625474-584724-711904-000000-000000-000000-000000-000000-000000-000000-000000-000000-000000-000000-000000-000000-000000-000000-000000-000000,300-625474-584724-711904-088567-000000-000000-000000-000000-000000-000000-000000-000000-000000-000000-000000-000000-000000-000000-000000-000000,ELKR,300.625474.584724.711904,300.625474.584724.711904.088567,0101000020BD0B000013BAE960BC353B418AE7A8BDDB5B2341,4605712,NA,FISH HABITAT - INFERRED - 050-080PCT,0,0,620.7180721453026,5449.0314808543435,181.0171069961,311.85794157119017,0,0,0,0,0,0,0,0,620.7180721453026,5449.0314808543435,181.0171069961,311.85794157119017,0,0,0,0,0,0,6069.749552999646,6250.766659995746,0,8,NA,NA,"4605768,4605762,4605764,4605761,4605766,4605765,4605767,4605763",NA,NA,NA,5.092240440547105,082J.103,MoTi,0101000020BD0B00005BF06088B7353B41B918749CD85B2341,FLNR,FLNR 0103,NA
35,NA,4605649,pscis_phase1.xlsm,"c(1785926.58272464, 631339.998130495)",NA,NA,NA,NA,NA,NA,1419885,0103,01,OS,NA,HI,B40,Forest Service Road,00133893,DISTRICT MANAGER ROCKY MOUNTAIN (DRM),ACTIVE,0103 01 0,NA,NA,NA,NA,NA,NA,NA,NA,NA,NA,NA,NA,11,645877.9960017368,5556757.011350743,706816439,356540453,1000,2191,GA24850000,River/Stream - Definite,300-625474-584724-681419-000000-000000-000000-000000-000000-000000-000000-000000-000000-000000-000000-000000-000000-000000-000000-000000-000000,300-625474-584724-681419-561635-000000-000000-000000-000000-000000-000000-000000-000000-000000-000000-000000-000000-000000-000000-000000-000000,ELKR,300.625474.584724.681419,300.625474.584724.681419.561635,0101000020BD0B0000F0A408AA4B403B41DB80DE5057442341,4605649,NA,FISH HABITAT - INFERRED - 080-150PCT,0,0,0,1504.360053087119,0,0,0,0,0,0,0,0,0,0,0,1504.360053087119,0,0,0,0,0,0,0,0,1504.360053087119,1504.360053087119,0,0,NA,NA,NA,1.61202399810553,NA,5.29258305286765,5.092843937433074,082J.103,MoTi,0101000020BD0B000023712D9546403B41D0F50AFF57442341,FLNR,FLNR 0103,NA
36,NA,4605732,pscis_phase1.xlsm,"c(1787066.81691791, 629244.282496783)",NA,NA,NA,NA,NA,NA,1419885,0103,01,OS,NA,HI,B40,Forest Service Road,00133893,DISTRICT MANAGER ROCKY MOUNTAIN (DRM),ACTIVE,0103 01 0,NA,NA,NA,NA,NA,NA,NA,NA,NA,NA,NA,NA,11,646741.9750876328,5554529.05446979,706817499,356568300,1000,888,GA24850000,River/Stream - Definite,300-625474-584724-672966-000000-000000-000000-000000-000000-000000-000000-000000-000000-000000-000000-000000-000000-000000-000000-000000-000000,300-625474-584724-672966-000000-000000-000000-000000-000000-000000-000000-000000-000000-000000-000000-000000-000000-000000-000000-000000-000000,ELKR,300.625474.584724.672966,300.625474.584724.672966,0101000020BD0B0000D7A8735EC2443B41572EC18AF0332341,4605732,NA,FISH HABITAT - INFERRED - 050-080PCT,0,0,0.05452596409884336,5102.894772660845,917.2376250406327,1408.0777436550284,0,0,0,0,0,0,0,0,0.05452596409884336,5102.894772660845,638.4198017952126,1104.0069964470283,0,0,0,0,0,0,5102.949298624943,6020.186923665576,0,2,NA,NA,"4606061,4606063",NA,NA,NA,8.55133259981724,082J.103,MoTi,0101000020BD0B0000498821D1BA443B41156BA390F8332341,FLNR,FLNR 0103,NA
37,NA,4600090,pscis_phase1.xlsm,"c(1796582.40625496, 595299.874071668)",196234,NA,arterial,Lower Elk Valley Rd,paved,NA,NA,NA,NA,NA,NA,NA,NA,NA,NA,NA,NA,NA,NA,NA,NA,NA,NA,NA,NA,NA,NA,NA,NA,NA,11,651828.2223254724,5519595.024972904,706831401,356507537,1000,262,GA24850150,River/Stream - Intermittent,300-625474-584724-451535-208257-000000-000000-000000-000000-000000-000000-000000-000000-000000-000000-000000-000000-000000-000000-000000-000000,300-625474-584724-451535-208257-000000-000000-000000-000000-000000-000000-000000-000000-000000-000000-000000-000000-000000-000000-000000-000000,ELKR,300.625474.584724.451535.208257,300.625474.584724.451535.208257,0101000020BD0B000049B711D5FB693B415229C1685A2A2241,4600090,4600326,FISH HABITAT - INFERRED - 030-050PCT,0,183.3823825551026,131.056393326,305.412106325,0,0,0,0,0,0,0,0,0,183.3823825551026,131.056393326,305.412106325,0,0,0,0,0,0,0,0,619.8508822061026,619.8508822061026,1,6,NA,4600326,"4601171,4601172,4602300,4606048,4600186,4606047",NA,NA,NA,58.71819775553123,082G.123,MoTi,0101000020BD0B000032530068E6693B41595286BFC72A2241,NA,MoTi arterial,NA
38,NA,4600092,pscis_phase1.xlsm,"c(1796184.0637498, 597495.680124565)",196245,NA,arterial,Lower Elk Valley Rd,paved,NA,NA,NA,NA,NA,NA,NA,NA,NA,NA,NA,NA,NA,NA,NA,NA,NA,NA,NA,NA,NA,NA,NA,NA,NA,11,651701.0703479855,5521896.149908328,706830645,356562897,1000,1045,GA24850150,River/Stream - Intermittent,300-625474-584724-451535-403402-090273-000000-000000-000000-000000-000000-000000-000000-000000-000000-000000-000000-000000-000000-000000-000000,300-625474-584724-451535-403402-090273-000000-000000-000000-000000-000000-000000-000000-000000-000000-000000-000000-000000-000000-000000-000000,ELKR,300.625474.584724.451535.403402.090273,300.625474.584724.451535.403402.090273,0101000020BD0B00007F15263056683B41F478A86C0D3C2241,4600093,4602324,FISH HABITAT - OBSERVED - 080-150PCT,317.594274294,1198.09957757,202.859501106,1177.3823807428116,0,0,0,0,0,1064.4208689883128,0,0,0,0,0,0,0,0,0,0,0,635.4307078311908,0,0,3960.356602701124,3960.356602701124,4,13,{EB},"4602344,4600326,4602280,4602324","4600184,4601199,4601201,4601209,4601218,4601219,4605558,4605559,4605561,4601206,4601195,4601197,4602268",NA,NA,NA,15.148666992476143,082G.123,MoTi,0101000020BD0B00001AE8511058683B417549395CEF3B2241,NA,MoTi arterial,NA
39,NA,4600039,pscis_phase1.xlsm,"c(1796229.87242077, 598170.096819565)",157062,NA,arterial,Lower Elk Valley Rd,paved,NA,NA,NA,NA,NA,NA,NA,NA,NA,NA,NA,NA,NA,NA,NA,NA,NA,NA,NA,NA,NA,NA,NA,NA,NA,11,651832.1519712581,5522535.903423469,706830688,356551142,1000,5304,GA24850150,River/Stream - Intermittent,300-625474-584724-451535-000000-000000-000000-000000-000000-000000-000000-000000-000000-000000-000000-000000-000000-000000-000000-000000-000000,300-625474-584724-451535-403402-000000-000000-000000-000000-000000-000000-000000-000000-000000-000000-000000-000000-000000-000000-000000-000000,ELKR,300.625474.584724.451535,300.625474.584724.451535.403402,0101000020BD0B0000F33E261286683B41CB53ECEA23412241,4600039,4600040,FISH HABITAT - OBSERVED - 080-150PCT,82.8948318207,30.2544757504,29.1674716457,60.6380615416,589.7756306113672,0,0,0,0,1439.3353116983317,0,0,0,0,0,0,0,0,0,0,0,205.9726594161366,0,0,1642.2901524567317,2232.065783068099,3,6,{EB},"4600040,4602344,4600326","4600037,4600038,4601189,4601190,4601191,4601192",NA,NA,NA,8.140405203672795,082G.123,MoTi,0101000020BD0B0000B6F756DF85683B418355923134412241,NA,MoTi arterial,NA
40,NA,4600070,pscis_phase1.xlsm,"c(1795108.35785143, 604362.064799023)",195500,43,highway,Hwy 43,paved,NA,NA,NA,NA,NA,NA,NA,NA,NA,NA,NA,NA,NA,NA,NA,NA,NA,NA,NA,NA,NA,NA,NA,NA,NA,11,651515.0242397742,5528838.974392117,706828712,356563721,1000,727,GA24850000,River/Stream - Definite,300-625474-584724-507380-000000-000000-000000-000000-000000-000000-000000-000000-000000-000000-000000-000000-000000-000000-000000-000000-000000,300-625474-584724-507380-000000-000000-000000-000000-000000-000000-000000-000000-000000-000000-000000-000000-000000-000000-000000-000000-000000,ELKR,300.625474.584724.507380,300.625474.584724.507380,0101000020BD0B000080F1F41B22643B41AEBE82A9A7712241,4600070,4600183,FISH HABITAT - OBSERVED - 080-150PCT,526.554755777928,3014.290647300551,3315.002717388895,1391.6839342256994,5211.999029996762,273.7600878525616,0,0,0,12011.33826167157,1919.55368767407,2102.102490030002,0,0,0,0,0,0,0,0,0,763.288481061214,0,0,20258.870316364642,27390.423034035473,1,28,"{RB,WCT}",4600183,"4602276,4601205,4602464,4602939,4606026,4606133,4606263,4602463,4606260,4604863,4606448,4605975,4606283,4606072,4606070,4606068,4606066,4606065,4606136,4606018,4606017,4606016,4606019,4606020,4606027,4606025,4606449,4606261",7.0006529993146644,NA,NA,10.021804414594863,082G.123,MoTi,0101000020BD0B0000CA269C5B24643B416B562D2194712241,NA,MoTi highway,NA
41,NA,4600181,pscis_phase1.xlsm,"c(1796074.81460574, 603176.386979973)",302750,NA,local,Line Creek Mine Rd,paved,NA,NA,NA,NA,NA,NA,NA,NA,NA,NA,NA,NA,NA,NA,NA,NA,NA,NA,NA,NA,NA,NA,NA,NA,NA,11,652321.9956996846,5527522.865277347,706829022,356485958,1000,463,GA24850150,River/Stream - Intermittent,300-625474-584724-503185-000000-000000-000000-000000-000000-000000-000000-000000-000000-000000-000000-000000-000000-000000-000000-000000-000000,300-625474-584724-503185-000000-000000-000000-000000-000000-000000-000000-000000-000000-000000-000000-000000-000000-000000-000000-000000-000000,ELKR,300.625474.584724.503185,300.625474.584724.503185,0101000020BD0B0000FD821F99EB673B41C307E69A44682241,4600181,NA,FISH HABITAT - INFERRED - 080-150PCT,0,0,0,2492.059705627719,0,0,0,0,0,0,0,0,0,0,0,492.3596347213447,0,0,0,0,0,0,0,0,2492.059705627719,2492.059705627719,0,7,NA,NA,"4601174,4601211,4601214,4602111,4602278,4601196,4600075",NA,NA,NA,6.134686371017693,082G.123,MoTi,0101000020BD0B000084008AD0EA673B41313D22C650682241,NA,MoTi local,NA
42,NA,4600186,pscis_phase1.xlsm,"c(1795865.14567184, 594895.421569741)",302776,43,highway,Hwy 43,paved,NA,NA,NA,NA,NA,NA,NA,NA,NA,NA,NA,NA,NA,NA,NA,NA,NA,NA,NA,NA,NA,NA,NA,NA,NA,11,651055.5114220019,5519349.975610925,706831401,356507537,1000,1136,GA24850150,River/Stream - Intermittent,300-625474-584724-451535-208257-000000-000000-000000-000000-000000-000000-000000-000000-000000-000000-000000-000000-000000-000000-000000-000000,300-625474-584724-451535-208257-000000-000000-000000-000000-000000-000000-000000-000000-000000-000000-000000-000000-000000-000000-000000-000000,ELKR,300.625474.584724.451535.208257,300.625474.584724.451535.208257,0101000020BD0B000032AFBDB91C673B41BBFD22D6AD272241,4600186,4600090,NON FISH HABITAT,0,0,0,0,0,0,0,0,0,0,0,0,0,0,0,0,0,0,0,0,0,0,0,0,0,0,2,5,NA,"4600326,4600090","4601171,4601172,4602300,4606048,4606047",NA,NA,NA,8.307558764558365,082G.123,MoTi,0101000020BD0B0000ECBF4A2519673B4138FDD7D79E272241,NA,MoTi highway,NA
43,NA,4600140,pscis_phase1.xlsm,"c(1796435.66802786, 590949.543325546)",1965129,43,arterial,Hwy 43,paved,NA,NA,NA,NA,NA,NA,NA,NA,NA,NA,NA,NA,NA,NA,NA,NA,NA,NA,NA,NA,NA,NA,NA,NA,NA,11,651118.0147257298,5515367.252972144,706832469,356476818,1000,2398,GA24850150,River/Stream - Intermittent,300-625474-584724-427766-030001-000000-000000-000000-000000-000000-000000-000000-000000-000000-000000-000000-000000-000000-000000-000000-000000,300-625474-584724-427766-030001-390415-000000-000000-000000-000000-000000-000000-000000-000000-000000-000000-000000-000000-000000-000000-000000,ELKR,300.625474.584724.427766.030001,300.625474.584724.427766.030001.390415,0101000020BD0B0000EA67A52C5A693B4127BD6C76E3082241,4600140,4601354,FISH HABITAT - INFERRED - 080-150PCT,0,0,0,955.4118720365268,0,0,0,0,0,0,0,0,0,0,0,568.7688557200786,0,0,0,0,0,0,0,0,955.4118720365268,955.4118720365268,4,1,NA,"4601354,4601360,4600330,4606751",4601357,NA,NA,NA,13.815916379385945,082G.118,MoTi,0101000020BD0B0000ACDF03AB53693B411AC42E16CB082241,NA,MoTi arterial,NA
44,NA,4601129,pscis_phase1.xlsm,"c(1805140.64616227, 601242.37854747)",792291,NA,unclassified,NA,rough,NA,NA,NA,NA,NA,NA,NA,NA,NA,NA,NA,NA,NA,NA,NA,NA,NA,NA,NA,NA,NA,NA,NA,NA,NA,11,661060.0362890499,5524438.363609741,706829482,356528119,1000,9856,GA24850150,River/Stream - Intermittent,300-625474-584724-478727-000000-000000-000000-000000-000000-000000-000000-000000-000000-000000-000000-000000-000000-000000-000000-000000-000000,300-625474-584724-478727-717020-000000-000000-000000-000000-000000-000000-000000-000000-000000-000000-000000-000000-000000-000000-000000-000000,ELKR,300.625474.584724.478727,300.625474.584724.478727.717020,0101000020BD0B00002C2DF9AD538B3B41299D721B25592241,4601129,4601130,FISH HABITAT - OBSERVED - 150-220PCT,305.05760384988446,101.489286966,78.6282357597,786.9783233061318,0,0,0,0,0,0,1210.1964177904738,0,0,0,0,0,0,0,0,0,0,0,108.3872576775666,0,1272.1534498817164,2482.34986767219,4,11,"{RB,WCT}","4601130,4601138,4602883,4602266","4605607,4606418,4601126,4601127,4601128,4601159,4602533,4601112,4606419,4606285,4606417",NA,NA,NA,7.884411188332792,082G.124,MoTi,0101000020BD0B0000F0E36AA5548B3B415AF9D0C134592241,NA,MoTi unclassified,NA
45,NA,4602533,pscis_phase1.xlsm,"c(1805249.1192801, 601261.47974367)",812487,NA,unclassified,NA,loose,NA,NA,NA,NA,NA,NA,NA,NA,NA,NA,NA,NA,NA,NA,NA,NA,NA,NA,NA,NA,NA,NA,NA,NA,NA,11,661168.0533796712,5524437.053975349,706829482,356528119,1000,9964,GA24850150,River/Stream - Intermittent,300-625474-584724-478727-000000-000000-000000-000000-000000-000000-000000-000000-000000-000000-000000-000000-000000-000000-000000-000000-000000,300-625474-584724-478727-717020-000000-000000-000000-000000-000000-000000-000000-000000-000000-000000-000000-000000-000000-000000-000000-000000,ELKR,300.625474.584724.478727,300.625474.584724.478727.717020,0101000020BD0B0000BAF51FFFBE8B3B4128074B493E592241,4602533,4601129,FISH HABITAT - OBSERVED - 150-220PCT,305.05760384988446,101.489286966,78.6282357597,786.9783233061318,0,0,0,0,0,0,1101.8091601129072,0,0,0,0,0,0,0,0,0,0,0,180.65332921449408,0,1272.1534498817164,2373.9626099946236,5,10,"{RB,WCT}","4601129,4601130,4601138,4602883,4602266","4605607,4606418,4601126,4601127,4601128,4601159,4601112,4606419,4606285,4606417",NA,NA,NA,14.492886261585575,082G.124,MoTi,0101000020BD0B00001324891EC18B3B4157F6A0F55A592241,NA,MoTi unclassified,NA
46,NA,4602270,pscis_phase1.xlsm,"c(1799599.56570943, 600251.097482248)",809223,NA,unclassified,NA,loose,NA,NA,NA,NA,NA,NA,NA,NA,NA,NA,NA,NA,NA,NA,NA,NA,NA,NA,NA,NA,NA,NA,NA,NA,NA,11,655449.9906341269,5524175.005215439,706829848,356479984,1000,1190,GA24850000,River/Stream - Definite,300-625474-584724-478727-109856-000000-000000-000000-000000-000000-000000-000000-000000-000000-000000-000000-000000-000000-000000-000000-000000,300-625474-584724-478727-109856-000000-000000-000000-000000-000000-000000-000000-000000-000000-000000-000000-000000-000000-000000-000000-000000,ELKR,300.625474.584724.478727.109856,300.625474.584724.478727.109856,0101000020BD0B00005505D37BB8753B41383F158478512241,4602270,NA,FISH HABITAT - OBSERVED - 080-150PCT,115.8322508028644,75.544146002,370.9364066466892,85.8617027132,27.1376447803,24.25943003862463,0,0,0,4721.259237060523,0,59.71007438537822,115.8322508028644,75.544146002,370.9364066466892,85.8617027132,27.1376447803,24.25943003862463,0,0,0,4721.259237060523,0,59.71007438537822,5369.433743225277,5396.571388005577,0,0,"{AF,EB,KO,LSU,MW,RB,RSC,ST,SU}",NA,NA,125.077960600695,NA,NA,8.99316941915001,082G.123,MoTi,0101000020BD0B00005D55D290AF753B417631E93176512241,NA,MoTi unclassified,NA
47,NA,2020092310,pscis_phase1.xlsm,"c(1785441.72528705, 558339.558546059)",808270,NA,recreation,Mt Fernie Park Rd,loose,NA,NA,NA,NA,NA,NA,NA,NA,NA,NA,NA,NA,NA,NA,NA,NA,NA,NA,NA,NA,NA,NA,NA,NA,NA,11,636136.9514645891,5484091.007787215,706844794,356495130,1000,185,GA24850150,River/Stream - Intermittent,300-625474-584724-233916-441528-000000-000000-000000-000000-000000-000000-000000-000000-000000-000000-000000-000000-000000-000000-000000-000000,300-625474-584724-233916-441528-000000-000000-000000-000000-000000-000000-000000-000000-000000-000000-000000-000000-000000-000000-000000-000000,ELKR,300.625474.584724.233916.441528,300.625474.584724.233916.441528,0101000020BD0B000079FB72F2F63E3B4143D4669898072141,4602147,4602161,FISH HABITAT - INFERRED - 080-150PCT,0,0,0,619.2856361738661,0,0,0,0,0,0,0,0,0,0,0,619.2856361738661,0,0,0,0,0,0,0,0,619.2856361738661,619.2856361738661,2,1,NA,"4602182,4602161",4600929,NA,NA,NA,345.18180585705664,082G.113,MoTi,0101000020BD0B00008369ACB9613E3B41BEBFF91D070A2141,NA,Unknown,NA
48,NA,4600130,pscis_phase1.xlsm,"c(1789517.69792562, 558097.40381163)",207543,NA,collector,Cokato Rd,paved,NA,NA,NA,NA,NA,NA,NA,NA,NA,NA,NA,NA,NA,NA,NA,NA,NA,NA,NA,NA,NA,NA,NA,NA,NA,11,640034.7516515441,5483661.593793066,706844646,356515756,1000,627,GA24850150,River/Stream - Intermittent,300-625474-584724-244249-000000-000000-000000-000000-000000-000000-000000-000000-000000-000000-000000-000000-000000-000000-000000-000000-000000,300-625474-584724-244249-000000-000000-000000-000000-000000-000000-000000-000000-000000-000000-000000-000000-000000-000000-000000-000000-000000,ELKR,300.625474.584724.244249,300.625474.584724.244249,0101000020BD0B000050ECC79E4A4E3B416757344D2F082141,4600130,4606807,FISH HABITAT - INFERRED - 080-150PCT,0,0,0,685.6439346705656,0,0,0,0,0,0,0,0,0,0,0,94.05816741385365,0,0,0,0,0,0,0,0,685.6439346705656,685.6439346705656,2,4,NA,"4606807,4600077","4600147,4604828,4600078,4600079",NA,NA,NA,6.96397148126309,082G.113,Fernie,0101000020BD0B0000D840ABB24D4E3B41DF65C0CE22082141,NA,Fernie collector,NA
49,NA,4606807,pscis_phase1.xlsm,"c(1789435.77423858, 558067.642118412)",NA,NA,NA,NA,NA,NA,NA,NA,NA,NA,NA,NA,NA,NA,NA,NA,NA,NA,NA,NA,bf40fe05c2374536aa64050c6919c4de,None,Main,Freight,Standard,Operational,Canadian Pacific,Canadian Pacific,NA,NA,11,639950.8053123427,5483639.717545324,706844646,356515756,1000,537,GA24850150,River/Stream - Intermittent,300-625474-584724-244249-000000-000000-000000-000000-000000-000000-000000-000000-000000-000000-000000-000000-000000-000000-000000-000000-000000,300-625474-584724-244249-000000-000000-000000-000000-000000-000000-000000-000000-000000-000000-000000-000000-000000-000000-000000-000000-000000,ELKR,300.625474.584724.244249,300.625474.584724.244249,0101000020BD0B00001C1F871CFA4D3B417F12CF58EE072141,4606807,4600077,FISH HABITAT - INFERRED - 080-150PCT,0,0,0,775.6937570955951,0,0,0,0,0,0,0,0,0,0,0,90.04982242502945,0,0,0,0,0,0,0,0,775.6937570955951,775.6937570955951,1,5,NA,4600077,"4600130,4600147,4604828,4600078,4600079",NA,NA,NA,3.9032354161767895,082G.113,Fernie,0101000020BD0B0000D47F34C6FB4D3B419ABEC348E7072141,NA,Canadian Pacific,NA
50,NA,4600080,pscis_phase1.xlsm,"c(1790319.24071338, 556045.403240848)",195574,NA,local,Cokato Rd,paved,NA,NA,NA,NA,NA,NA,NA,NA,NA,NA,NA,NA,NA,NA,NA,NA,NA,NA,NA,NA,NA,NA,NA,NA,NA,11,640566.2402509265,5481501.992464584,706846289,356535716,1000,1327,GA24850150,River/Stream - Intermittent,300-625474-584724-218710-391432-000000-000000-000000-000000-000000-000000-000000-000000-000000-000000-000000-000000-000000-000000-000000-000000,300-625474-584724-218710-391432-066661-000000-000000-000000-000000-000000-000000-000000-000000-000000-000000-000000-000000-000000-000000-000000,ELKR,300.625474.584724.218710.391432,300.625474.584724.218710.391432.066661,0101000020BD0B0000BC9DBD4A6F513B41BB8D9595FEF72041,4600080,4606808,FISH HABITAT - INFERRED - 050-080PCT,0,0,89.8377428096801,657.96217849,0,0,0,0,0,0,0,0,0,0,89.8377428096801,657.96217849,0,0,0,0,0,0,0,0,747.7999212996801,747.7999212996801,6,1,NA,"4602351,4603275,4601996,4603288,4606808,4603290",4602546,NA,NA,NA,14.111177259205602,082G.113,MoTi,0101000020BD0B00006A649F3D6F513B41A09575CE1AF82041,NA,MoTi local,NA
51,NA,4603291,pscis_phase1.xlsm,"c(1790768.04437947, 555096.703507221)",195574,NA,local,Cokato Rd,paved,NA,NA,NA,NA,NA,NA,NA,NA,NA,NA,NA,NA,NA,NA,NA,NA,NA,NA,NA,NA,NA,NA,NA,NA,NA,11,640904.5509965413,5480492.680447289,706846460,356566187,1000,2883,GA24850150,River/Stream - Intermittent,300-625474-584724-218710-000000-000000-000000-000000-000000-000000-000000-000000-000000-000000-000000-000000-000000-000000-000000-000000-000000,300-625474-584724-218710-391432-000000-000000-000000-000000-000000-000000-000000-000000-000000-000000-000000-000000-000000-000000-000000-000000,ELKR,300.625474.584724.218710,300.625474.584724.218710.391432,0101000020BD0B0000C92B939D40533B4171580DAE84F02041,4600081,4606806,FISH HABITAT - INFERRED - 050-080PCT,0,0,238.89190615700863,482.961814193,0,0,0,0,0,0,0,0,0,0,238.89190615700863,449.25577760920123,0,0,0,0,0,0,0,0,721.8537203500086,721.8537203500086,6,6,NA,"4606806,4603291,4602351,4603275,4601996,4603288","4601657,4601658,4601663,4601664,4601665,4602547",NA,NA,NA,27.834004686631264,082G.113,MoTi,0101000020BD0B000006745C0B30533B4138193268B1F02041,NA,MoTi local,NA
52,NA,4600316,pscis_phase1.xlsm,"c(1791181.63011676, 554053.759010296)",352579,NA,local,Cokato Rd,paved,NA,NA,NA,NA,NA,NA,NA,NA,NA,NA,NA,NA,NA,NA,NA,NA,NA,NA,NA,NA,NA,NA,NA,NA,NA,11,641171.2273959088,5479354.549360504,706847043,356557060,1000,2124,GA24850150,River/Stream - Intermittent,300-625474-584724-213111-000000-000000-000000-000000-000000-000000-000000-000000-000000-000000-000000-000000-000000-000000-000000-000000-000000,300-625474-584724-213111-249850-000000-000000-000000-000000-000000-000000-000000-000000-000000-000000-000000-000000-000000-000000-000000-000000,ELKR,300.625474.584724.213111,300.625474.584724.213111.249850,0101000020BD0B00002BC6CD61DB543B41FAFF8603F9E72041,4600316,4600010,FISH HABITAT - INFERRED - 050-080PCT,0,0,24.565362299702883,886.643996918,0,0,0,0,0,0,0,0,0,0,24.565362299702883,11.824398881408683,0,0,0,0,0,0,0,0,911.2093592177029,911.2093592177029,5,5,NA,"4600010,4601560,4601561,4606811,4601582","4601593,4601594,4601611,4602190,4601656",NA,NA,NA,74.5317971418747,082G.113,MoTi,0101000020BD0B0000F8544FA1CD543B4160FF9C848BE82041,NA,MoTi local,NA
53,NA,4601594,pscis_phase1.xlsm,"c(1791109.95389775, 554007.182521403)",156703,NA,local,Thompson Rd,loose,NA,NA,NA,NA,NA,NA,NA,NA,NA,NA,NA,NA,NA,NA,NA,NA,NA,NA,NA,NA,NA,NA,NA,NA,NA,11,641151.3874765844,5479335.099235035,706847043,356557060,1000,2096,GA24850150,River/Stream - Intermittent,300-625474-584724-213111-000000-000000-000000-000000-000000-000000-000000-000000-000000-000000-000000-000000-000000-000000-000000-000000-000000,300-625474-584724-213111-249850-000000-000000-000000-000000-000000-000000-000000-000000-000000-000000-000000-000000-000000-000000-000000-000000,ELKR,300.625474.584724.213111,300.625474.584724.213111.249850,0101000020BD0B0000F972CB2FCA543B41ADA1605ACDE72041,4600010,4601560,FISH HABITAT - INFERRED - 050-080PCT,0,0,52.54879058618144,886.643996918,0,0,0,0,0,0,0,0,0,0,27.983428286478556,0,0,0,0,0,0,0,0,0,939.1927875041814,939.1927875041814,4,6,NA,"4601560,4601561,4606811,4601582","4600316,4601593,4601594,4601611,4602190,4601656",NA,NA,NA,83.71706736306189,082G.113,MoTi,0101000020BD0B000084A432F485543B410172735D2EE82041,NA,MoTi local,NA
54,NA,4600169,pscis_phase1.xlsm,"c(1788701.73870829, 555147.506556512)",302671,NA,local,Highline Dr,paved,NA,NA,NA,NA,NA,NA,NA,NA,NA,NA,NA,NA,NA,NA,NA,NA,NA,NA,NA,NA,NA,NA,NA,NA,NA,11,638856.3004195977,5480817.426391428,706846506,356541034,1000,917,GA24850150,River/Stream - Intermittent,300-625474-584724-232027-000000-000000-000000-000000-000000-000000-000000-000000-000000-000000-000000-000000-000000-000000-000000-000000-000000,300-625474-584724-232027-140468-000000-000000-000000-000000-000000-000000-000000-000000-000000-000000-000000-000000-000000-000000-000000-000000,ELKR,300.625474.584724.232027,300.625474.584724.232027.140468,0101000020BD0B000009A098FD254B3B4164C53FC2F9F02041,4600169,4600332,FISH HABITAT - INFERRED - 080-150PCT,0,0,0,484.266223287068,0,0,0,0,0,0,0,0,0,0,0,219.1655564190753,0,0,0,0,0,0,0,0,484.266223287068,484.266223287068,1,18,NA,4600332,"4601556,4601557,4601576,4601577,4601578,4601579,4601629,4601635,4601636,4601638,4601639,4601640,4601641,4601643,4602153,4600134,4601637,4604155",NA,NA,NA,16.794278865714244,082G.113,MoTi,0101000020BD0B000083FC1BBD1D4B3B4106605B0317F12041,NA,MoTi local,NA
55,NA,4600134,pscis_phase1.xlsm,"c(1788511.81985588, 554969.712765829)",1173206,NA,unclassified,NA,loose,NA,NA,NA,NA,NA,NA,NA,NA,NA,NA,NA,NA,NA,NA,NA,NA,NA,NA,NA,NA,NA,NA,NA,NA,NA,11,638604.7966884392,5480629.544158104,706846506,356541034,1000,1258,GA24850150,River/Stream - Intermittent,300-625474-584724-232027-000000-000000-000000-000000-000000-000000-000000-000000-000000-000000-000000-000000-000000-000000-000000-000000-000000,300-625474-584724-232027-140468-000000-000000-000000-000000-000000-000000-000000-000000-000000-000000-000000-000000-000000-000000-000000-000000,ELKR,300.625474.584724.232027,300.625474.584724.232027.140468,0101000020BD0B00008BBF9779444A3B41A1CD239F44EF2041,4604155,4600134,FISH HABITAT - INFERRED - 080-150PCT,0,0,0,143.54052433355832,0,0,0,0,0,0,0,0,0,0,0,58.110406463498066,0,0,0,0,0,0,0,0,143.54052433355832,143.54052433355832,3,16,NA,"4600134,4600169,4600332","4601556,4601557,4601576,4601577,4601579,4601629,4601635,4601636,4601638,4601639,4601640,4601641,4601643,4602153,4601578,4601637",NA,NA,NA,61.782831649224036,082G.113,MoTi,0101000020BD0B00003A13E2D15F4A3B4188A4EF6CB3EF2041,NA,MoTi unclassified,NA
56,NA,4604455,pscis_phase1.xlsm,"c(1788551.86191615, 554894.271229269)",1173206,NA,unclassified,NA,loose,NA,NA,NA,NA,NA,NA,NA,NA,NA,NA,NA,NA,NA,NA,NA,NA,NA,NA,NA,NA,NA,NA,NA,NA,NA,11,638604.7966884392,5480629.544158104,706846506,356541034,1000,1258,GA24850150,River/Stream - Intermittent,300-625474-584724-232027-000000-000000-000000-000000-000000-000000-000000-000000-000000-000000-000000-000000-000000-000000-000000-000000-000000,300-625474-584724-232027-140468-000000-000000-000000-000000-000000-000000-000000-000000-000000-000000-000000-000000-000000-000000-000000-000000,ELKR,300.625474.584724.232027,300.625474.584724.232027.140468,0101000020BD0B00008BBF9779444A3B41A1CD239F44EF2041,4604155,4600134,FISH HABITAT - INFERRED - 080-150PCT,0,0,0,143.54052433355832,0,0,0,0,0,0,0,0,0,0,0,58.110406463498066,0,0,0,0,0,0,0,0,143.54052433355832,143.54052433355832,3,16,NA,"4600134,4600169,4600332","4601556,4601557,4601576,4601577,4601579,4601629,4601635,4601636,4601638,4601639,4601640,4601641,4601643,4602153,4601578,4601637",NA,NA,NA,70.30352390680221,082G.113,MoTi,0101000020BD0B00005889A6DC874A3B410C90DE8A1CEF2041,NA,MoTi unclassified,NA
57,NA,4601639,pscis_phase1.xlsm,"c(1788506.22349813, 554942.783719849)",1173206,NA,unclassified,NA,loose,NA,NA,NA,NA,NA,NA,NA,NA,NA,NA,NA,NA,NA,NA,NA,NA,NA,NA,NA,NA,NA,NA,NA,NA,NA,11,638604.7966884392,5480629.544158104,706846506,356541034,1000,1258,GA24850150,River/Stream - Intermittent,300-625474-584724-232027-000000-000000-000000-000000-000000-000000-000000-000000-000000-000000-000000-000000-000000-000000-000000-000000-000000,300-625474-584724-232027-140468-000000-000000-000000-000000-000000-000000-000000-000000-000000-000000-000000-000000-000000-000000-000000-000000,ELKR,300.625474.584724.232027,300.625474.584724.232027.140468,0101000020BD0B00008BBF9779444A3B41A1CD239F44EF2041,4604155,4600134,FISH HABITAT - INFERRED - 080-150PCT,0,0,0,143.54052433355832,0,0,0,0,0,0,0,0,0,0,0,58.110406463498066,0,0,0,0,0,0,0,0,143.54052433355832,143.54052433355832,3,16,NA,"4600134,4600169,4600332","4601556,4601557,4601576,4601577,4601579,4601629,4601635,4601636,4601638,4601639,4601640,4601641,4601643,4602153,4601578,4601637",NA,NA,NA,35.82882113385921,082G.113,MoTi,0101000020BD0B00005C2C37395A4A3B4162BA43917DEF2041,NA,MoTi unclassified,NA
58,NA,4601556,pscis_phase1.xlsm,"c(1788404.03437354, 554890.241127851)",799243,NA,unclassified,NA,loose,NA,NA,NA,NA,NA,NA,NA,NA,NA,NA,NA,NA,NA,NA,NA,NA,NA,NA,NA,NA,NA,NA,NA,NA,NA,11,638548.9964675904,5480616.006859448,706846506,356541034,1000,1316,GA24850150,River/Stream - Intermittent,300-625474-584724-232027-000000-000000-000000-000000-000000-000000-000000-000000-000000-000000-000000-000000-000000-000000-000000-000000-000000,300-625474-584724-232027-140468-000000-000000-000000-000000-000000-000000-000000-000000-000000-000000-000000-000000-000000-000000-000000-000000,ELKR,300.625474.584724.232027,300.625474.584724.232027.140468,0101000020BD0B0000F4EE15D40E4A3B41D468DE6F1BEF2041,4601639,4604155,FISH HABITAT - INFERRED - 080-150PCT,0,0,0,85.43011787006026,0,0,0,0,0,0,0,0,0,0,0,85.43011787006026,0,0,0,0,0,0,0,0,85.43011787006026,85.43011787006026,4,15,NA,"4604155,4600134,4600169,4600332","4601556,4601557,4601576,4601577,4601579,4601629,4601635,4601636,4601638,4601640,4601641,4601643,4602153,4601578,4601637",NA,NA,NA,27.018792081171156,082G.113,MoTi,0101000020BD0B000040B4CC08F4493B41181C757B14EF2041,NA,MoTi unclassified,NA
59,NA,4602349,pscis_phase1.xlsm,"c(1788294.08734389, 555762.91410283)",810262,NA,unclassified,NA,rough,NA,NA,NA,NA,NA,NA,NA,NA,NA,NA,NA,NA,NA,NA,NA,NA,NA,NA,NA,NA,NA,NA,NA,NA,NA,11,638527.9959550546,5481504.973791583,706846166,356488628,1000,838,GA24850150,River/Stream - Intermittent,300-625474-584724-232027-140468-000000-000000-000000-000000-000000-000000-000000-000000-000000-000000-000000-000000-000000-000000-000000-000000,300-625474-584724-232027-140468-146697-000000-000000-000000-000000-000000-000000-000000-000000-000000-000000-000000-000000-000000-000000-000000,ELKR,300.625474.584724.232027.140468,300.625474.584724.232027.140468.146697,0101000020BD0B00005813CDE887493B4163AB7D63F8F52041,4602349,4600332,FISH HABITAT - INFERRED - 080-150PCT,0,0,0,1747.2294339165178,0,0,0,0,0,0,0,0,0,0,0,1747.2294339165178,0,0,0,0,0,0,0,0,1747.2294339165178,1747.2294339165178,1,7,NA,4600332,"4601571,4601572,4601573,4601599,4601600,4602152,4601618",NA,NA,NA,9.457389133772223,082G.113,MoTi,0101000020BD0B00003E2B5C1686493B413C4905D4E5F52041,NA,MoTi unclassified,NA
60,NA,4600332,pscis_phase1.xlsm,"c(1789321.73904853, 555511.024978429)",313247,3,highway,Crowsnest Hwy,paved,NA,NA,NA,NA,NA,NA,NA,NA,NA,NA,NA,NA,NA,NA,NA,NA,NA,NA,NA,NA,NA,NA,NA,NA,NA,11,639502.2690008283,5481120.810581137,706846232,356541034,1000,157,GA24850150,River/Stream - Intermittent,300-625474-584724-232027-000000-000000-000000-000000-000000-000000-000000-000000-000000-000000-000000-000000-000000-000000-000000-000000-000000,300-625474-584724-232027-000000-000000-000000-000000-000000-000000-000000-000000-000000-000000-000000-000000-000000-000000-000000-000000-000000,ELKR,300.625474.584724.232027,300.625474.584724.232027,0101000020BD0B0000B2250533804D3B4152336D4EF9F32041,4600332,NA,FISH HABITAT - INFERRED - 030-050PCT,0,10.101924331562458,54.6663153075,3782.621178838158,0,0,0,0,0,0,0,0,0,10.101924331562458,54.6663153075,1551.1255216345721,0,0,0,0,0,0,0,0,3847.3894184772203,3847.3894184772203,0,29,NA,NA,"4601085,4601556,4601557,4601571,4601572,4601573,4601576,4601577,4601578,4601579,4601599,4601600,4601629,4601635,4601636,4601638,4601639,4601640,4601641,4601643,4602107,4602152,4602153,4602349,4600134,4601618,4601637,4600169,4604155",NA,NA,NA,11.076257109911682,082G.113,MoTi,0101000020BD0B0000D54832BD894D3B41FCF8C90CEEF32041,NA,MoTi highway,NA
61,NA,4600026,pscis_phase1.xlsm,"c(1791474.76176904, 565381.149353571)",156770,NA,collector,Dicken Rd,paved,NA,NA,NA,NA,NA,NA,NA,NA,NA,NA,NA,NA,NA,NA,NA,NA,NA,NA,NA,NA,NA,NA,NA,NA,NA,11,642915.9717233734,5490616.851414848,706840357,356482509,1000,2635,GA24850150,River/Stream - Intermittent,300-625474-584724-280981-000000-000000-000000-000000-000000-000000-000000-000000-000000-000000-000000-000000-000000-000000-000000-000000-000000,300-625474-584724-280981-367024-000000-000000-000000-000000-000000-000000-000000-000000-000000-000000-000000-000000-000000-000000-000000-000000,ELKR,300.625474.584724.280981,300.625474.584724.280981.367024,0101000020BD0B00001B5B2E62F9553B411629FB81F1402141,4600026,4600158,FISH HABITAT - INFERRED - 050-080PCT,0,0,253.2047316664425,48.2694866668,0,0,0,0,0,0,0,0,0,0,225.43422440771883,0,0,0,0,0,0,0,0,0,301.4742183332425,301.4742183332425,1,10,NA,4600158,"4600128,4600651,4600652,4600670,4600932,4600935,4600936,4603310,4600985,4600366",NA,NA,NA,14.053313246409036,082G.113,MoTi,0101000020BD0B0000BE4B03C3F2553B413D12784C0A412141,NA,MoTi collector,NA
62,NA,4600028,pscis_phase1.xlsm,"c(1791157.90933831, 565085.091826529)",156783,NA,collector,Dicken Rd,paved,NA,NA,NA,NA,NA,NA,NA,NA,NA,NA,NA,NA,NA,NA,NA,NA,NA,NA,NA,NA,NA,NA,NA,NA,NA,11,642559.6090916621,5490368.030975987,706840430,356565444,1000,184,GA24850150,River/Stream - Intermittent,300-625474-584724-280981-367024-000000-000000-000000-000000-000000-000000-000000-000000-000000-000000-000000-000000-000000-000000-000000-000000,300-625474-584724-280981-367024-000000-000000-000000-000000-000000-000000-000000-000000-000000-000000-000000-000000-000000-000000-000000-000000,ELKR,300.625474.584724.280981.367024,300.625474.584724.280981.367024,0101000020BD0B0000E7DC41AAB7543B41E994BE8EA83E2141,4600028,4600158,FISH HABITAT - OBSERVED - 080-150PCT,0,0,0,19.9282515771,371.0492122712714,8.426669890805101,0,0,0,249.54415672908846,30.6007553068,350.14299224323906,0,0,0,19.9282515771,103.57803527634422,0,0,0,0,249.54415672908846,30.6007553068,350.14299224323906,269.47240830618847,671.1223758842599,1,3,"{BT,CT,DV,EB,WCT}",4600158,"4600861,4600930,4600679",NA,NA,NA,8.986215042184309,082G.113,MoTi,0101000020BD0B00004F65CAE8B5543B4103E3032FBA3E2141,NA,MoTi collector,NA
63,NA,4600157,pscis_phase1.xlsm,"c(1792162.94612358, 565162.876888513)",302401,3,highway,Crowsnest Hwy,paved,NA,NA,NA,NA,NA,NA,NA,NA,NA,NA,NA,NA,NA,NA,NA,NA,NA,NA,NA,NA,NA,NA,NA,NA,NA,11,643568.0755202426,5490340.883609554,706840586,356519898,1000,573,GA24850000,River/Stream - Definite,300-625474-584724-287942-000000-000000-000000-000000-000000-000000-000000-000000-000000-000000-000000-000000-000000-000000-000000-000000-000000,300-625474-584724-287942-000000-000000-000000-000000-000000-000000-000000-000000-000000-000000-000000-000000-000000-000000-000000-000000-000000,ELKR,300.625474.584724.287942,300.625474.584724.287942,0101000020BD0B0000479997F5A3583B417A8B2909763F2141,4600157,NA,FISH HABITAT - OBSERVED - 080-150PCT,0,39.9863230688,66.4634579187,2693.0366860764,0,0,0,0,0,8002.445622853142,0,0,0,0,0,0,0,0,0,0,0,384.4885178283239,0,0,10801.932089917042,10801.932089917042,0,20,"{DV,EB,WCT}",NA,"4606521,4600367,4603295,4603296,4606518,4606036,4606037,4606516,4606513,4606512,4606520,4606281,4606511,4606519,4606517,4605837,4606038,4606515,4606514,4603294",1.57198160171211,NA,NA,16.172776811565768,082G.113,MoTi,0101000020BD0B0000A12735F2A2583B41F787F7C0553F2141,NA,MoTi highway,NA
64,NA,4600158,pscis_phase1.xlsm,"c(1791456.30305401, 564183.332695625)",302401,3,highway,Crowsnest Hwy,paved,NA,NA,NA,NA,NA,NA,NA,NA,NA,NA,NA,NA,NA,NA,NA,NA,NA,NA,NA,NA,NA,NA,NA,NA,NA,11,642750.3078553181,5489440.780690648,706841240,356482509,1000,1048,GA24850150,River/Stream - Intermittent,300-625474-584724-280981-000000-000000-000000-000000-000000-000000-000000-000000-000000-000000-000000-000000-000000-000000-000000-000000-000000,300-625474-584724-280981-000000-000000-000000-000000-000000-000000-000000-000000-000000-000000-000000-000000-000000-000000-000000-000000-000000,ELKR,300.625474.584724.280981,300.625474.584724.280981,0101000020BD0B0000D4213DF0EB553B41F245A530AB372141,4600158,NA,FISH HABITAT - OBSERVED - 080-150PCT,224.769989107781,38.5408106996,462.156527079,68.1977382439,371.0492122712714,8.426669890805101,0,0,0,1548.8203107482582,30.6007553068,350.14299224323906,224.769989107781,38.5408106996,208.9517954125575,0,0,0,0,0,0,1299.2761540191698,0,0,2342.4853758785393,2744.1353434566104,0,15,"{BT,CT,DV,EB,WCT}",NA,"4600028,4600128,4600651,4600652,4600670,4600861,4600930,4600932,4600935,4600936,4603310,4600985,4600679,4600366,4600026",NA,NA,12.3785150048167,11.764420419797084,082G.113,MoTi,0101000020BD0B000086F2944DE0553B41BC1457AAAE372141,NA,MoTi highway,NA
65,197555,NA,pscis_phase2.xlsm,"c(1787066.81691791, 629244.282496783)",NA,NA,NA,NA,NA,NA,1419885,0103,01,OS,NA,HI,B40,Forest Service Road,00133893,DISTRICT MANAGER ROCKY MOUNTAIN (DRM),ACTIVE,0103 01 0,NA,NA,NA,NA,NA,NA,NA,NA,NA,NA,NA,NA,11,646741.9750876328,5554529.05446979,706817499,356568300,1000,888,GA24850000,River/Stream - Definite,300-625474-584724-672966-000000-000000-000000-000000-000000-000000-000000-000000-000000-000000-000000-000000-000000-000000-000000-000000-000000,300-625474-584724-672966-000000-000000-000000-000000-000000-000000-000000-000000-000000-000000-000000-000000-000000-000000-000000-000000-000000,ELKR,300.625474.584724.672966,300.625474.584724.672966,0101000020BD0B0000D7A8735EC2443B41572EC18AF0332341,4605732,NA,FISH HABITAT - INFERRED - 050-080PCT,0,0,0.05452596409884336,5102.894772660845,917.2376250406327,1408.0777436550284,0,0,0,0,0,0,0,0,0.05452596409884336,5102.894772660845,638.4198017952126,1104.0069964470283,0,0,0,0,0,0,5102.949298624943,6020.186923665576,0,2,NA,NA,"4606061,4606063",NA,NA,NA,8.55133259981724,082J.103,MoTi,0101000020BD0B0000498821D1BA443B41156BA390F8332341,FLNR,FLNR 0103,4605732
66,197559,NA,pscis_phase2.xlsm,"c(1795108.35785143, 604362.064799023)",195500,43,highway,Hwy 43,paved,NA,NA,NA,NA,NA,NA,NA,NA,NA,NA,NA,NA,NA,NA,NA,NA,NA,NA,NA,NA,NA,NA,NA,NA,NA,11,651515.0242397742,5528838.974392117,706828712,356563721,1000,727,GA24850000,River/Stream - Definite,300-625474-584724-507380-000000-000000-000000-000000-000000-000000-000000-000000-000000-000000-000000-000000-000000-000000-000000-000000-000000,300-625474-584724-507380-000000-000000-000000-000000-000000-000000-000000-000000-000000-000000-000000-000000-000000-000000-000000-000000-000000,ELKR,300.625474.584724.507380,300.625474.584724.507380,0101000020BD0B000080F1F41B22643B41AEBE82A9A7712241,4600070,4600183,FISH HABITAT - OBSERVED - 080-150PCT,526.554755777928,3014.290647300551,3315.002717388895,1391.6839342256994,5211.999029996762,273.7600878525616,0,0,0,12011.33826167157,1919.55368767407,2102.102490030002,0,0,0,0,0,0,0,0,0,763.288481061214,0,0,20258.870316364642,27390.423034035473,1,28,"{RB,WCT}",4600183,"4602276,4601205,4602464,4602939,4606026,4606133,4606263,4602463,4606260,4604863,4606448,4605975,4606283,4606072,4606070,4606068,4606066,4606065,4606136,4606018,4606017,4606016,4606019,4606020,4606027,4606025,4606449,4606261",7.0006529993146644,NA,NA,10.021804414594863,082G.123,MoTi,0101000020BD0B0000CA269C5B24643B416B562D2194712241,NA,MoTi highway,4600070
67,197533,NA,pscis_phase2.xlsm,"c(1795209.89790723, 604434.705422202)",302762,NA,local,Busato Rd,loose,NA,NA,NA,NA,NA,NA,NA,NA,NA,NA,NA,NA,NA,NA,NA,NA,NA,NA,NA,NA,NA,NA,NA,NA,NA,11,651627.2301014808,5528885.672724558,706828712,356563721,1000,599,GA24850000,River/Stream - Definite,300-625474-584724-507380-000000-000000-000000-000000-000000-000000-000000-000000-000000-000000-000000-000000-000000-000000-000000-000000-000000,300-625474-584724-507380-000000-000000-000000-000000-000000-000000-000000-000000-000000-000000-000000-000000-000000-000000-000000-000000-000000,ELKR,300.625474.584724.507380,300.625474.584724.507380,0101000020BD0B0000C494BE6A8B643B4135B8521C21722241,4600183,NA,FISH HABITAT - OBSERVED - 080-150PCT,526.554755777928,3014.290647300551,3315.002717388895,1391.6839342256994,5211.999029996762,273.7600878525616,0,0,0,12139.818793504237,1919.55368767407,2102.102490030002,0,0,0,0,0,0,0,0,0,128.4805318326671,0,0,20387.35084819731,27518.903565868142,0,29,"{BT,DV,RB,WCT}",NA,"4602276,4600070,4601205,4602464,4602939,4606026,4606133,4606263,4602463,4606260,4604863,4606448,4605975,4606283,4606072,4606070,4606068,4606066,4606065,4606136,4606018,4606017,4606016,4606019,4606020,4606027,4606025,4606449,4606261",7.0006529993146644,NA,NA,2.6325840606904016,082G.123,MoTi,0101000020BD0B0000813FDDE589643B414E192D6925722241,NA,MoTi local,4600183
68,62423,NA,pscis_phase2.xlsm,"c(1804617.69888476, 600965.886388658)",792322,NA,unclassified,NA,loose,NA,NA,NA,NA,NA,NA,NA,NA,NA,NA,NA,NA,NA,NA,NA,NA,NA,NA,NA,NA,NA,NA,NA,NA,NA,11,660483.9483282885,5524256.021696052,706829538,356528119,1000,9230,GA24850150,River/Stream - Intermittent,300-625474-584724-478727-000000-000000-000000-000000-000000-000000-000000-000000-000000-000000-000000-000000-000000-000000-000000-000000-000000,300-625474-584724-478727-698691-000000-000000-000000-000000-000000-000000-000000-000000-000000-000000-000000-000000-000000-000000-000000-000000,ELKR,300.625474.584724.478727,300.625474.584724.478727.698691,0101000020BD0B0000436835A72F893B41A3C8875827572241,4601130,4601138,FISH HABITAT - OBSERVED - 150-220PCT,305.05760384988446,101.489286966,487.33591795933705,1058.1528962320317,0,0,0,0,0,0,4152.978342675879,1567.2274876793933,0,0,22.3937963267,41.01086438389996,0,0,0,0,0,0,1514.9733044094623,0,1952.0357050072532,6105.014047683132,3,16,"{RB,WCT}","4601138,4602883,4602266","4605607,4606418,4607410,4601126,4601127,4601128,4601129,4601159,4601164,4602533,4601112,4607076,4607031,4606419,4606285,4606417",5.90280069817305,NA,NA,29.469442544800003,082G.124,MoTi,0101000020BD0B0000981CEAB249893B41F7BBD4C50B572241,NA,MoTi unclassified,4601130
69,62425,NA,pscis_phase2.xlsm,"c(1805563.80731219, 601277.062426052)",NA,NA,NA,NA,NA,NA,1417116,R08362,4,NA,NA,HI,B01,Road Permit,00001271,CANADIAN FOREST PRODUCTS LTD.,ACTIVE,R08362 4 0,NA,NA,NA,NA,NA,NA,NA,NA,NA,NA,NA,NA,11,661345.9727552324,5524411.958367176,706829482,356528119,1000,10145,GA24850150,River/Stream - Intermittent,300-625474-584724-478727-000000-000000-000000-000000-000000-000000-000000-000000-000000-000000-000000-000000-000000-000000-000000-000000-000000,300-625474-584724-478727-717020-000000-000000-000000-000000-000000-000000-000000-000000-000000-000000-000000-000000-000000-000000-000000-000000,ELKR,300.625474.584724.478727,300.625474.584724.478727.717020,0101000020BD0B00009F47E3B5728C3B41AC38B1443A592241,4605607,4602533,FISH HABITAT - OBSERVED - 150-220PCT,305.05760384988446,101.489286966,78.6282357597,786.9783233061318,0,0,0,0,0,0,921.1558308984131,0,0,101.489286966,78.6282357597,786.9783233061318,0,0,0,0,0,0,717.3618925679766,0,1272.1534498817164,2193.3092807801295,6,9,{WCT},"4602533,4601129,4601130,4601138,4602883,4602266","4606418,4601126,4601127,4601128,4601159,4601112,4606419,4606285,4606417",NA,NA,NA,140.76558526347154,082G.124,MoTi,0101000020BD0B00000203ACCEFB8C3B41B44EF61F7A592241,Canfor,Unknown,NA
70,62426,NA,pscis_phase2.xlsm,"c(1805683.43270985, 601326.849453514)",NA,NA,NA,NA,NA,NA,1528172,R08362,2,NA,NA,HI,B01,Road Permit,00001271,CANADIAN FOREST PRODUCTS LTD.,ACTIVE,R08362 2 0,NA,NA,NA,NA,NA,NA,NA,NA,NA,NA,NA,NA,11,661656.0419057306,5524408.98635623,706829410,356528119,1000,10500,GA24850150,River/Stream - Intermittent,300-625474-584724-478727-000000-000000-000000-000000-000000-000000-000000-000000-000000-000000-000000-000000-000000-000000-000000-000000-000000,300-625474-584724-478727-797957-000000-000000-000000-000000-000000-000000-000000-000000-000000-000000-000000-000000-000000-000000-000000-000000,ELKR,300.625474.584724.478727,300.625474.584724.478727.797957,0101000020BD0B0000292216ABA68D3B412E8D461C84592241,4606418,4605607,FISH HABITAT - OBSERVED - 150-220PCT,305.05760384988446,0,0,0,0,0,0,0,0,0,203.7939383304365,0,305.05760384988446,0,0,0,0,0,0,0,0,0,203.7939383304365,0,305.05760384988446,508.85154218032096,7,4,{WCT},"4605607,4602533,4601129,4601130,4601138,4602883,4602266","4601159,4601112,4606419,4606417",NA,NA,NA,68.05592701542305,082G.124,MoTi,0101000020BD0B00009012C66E738D3B412B92EBB2DD592241,Canfor,Canfor R08362,NA
71,50185,NA,pscis_phase2.xlsm,"c(1796999.85375304, 544323.047233571)",NA,NA,NA,NA,NA,NA,1362673,5466,02,OS,NA,HI,B40,Forest Service Road,00133893,DISTRICT MANAGER ROCKY MOUNTAIN (DRM),ACTIVE,5466 02 0,NA,NA,NA,NA,NA,NA,NA,NA,NA,NA,NA,NA,11,645674.391142761,5469026.294595705,706852494,356568403,1000,205,GA24850150,River/Stream - Intermittent,300-625474-584724-166401-036885-000000-000000-000000-000000-000000-000000-000000-000000-000000-000000-000000-000000-000000-000000-000000-000000,300-625474-584724-166401-036885-000000-000000-000000-000000-000000-000000-000000-000000-000000-000000-000000-000000-000000-000000-000000-000000,ELKR,300.625474.584724.166401.036885,300.625474.584724.166401.036885,0101000020BD0B00005E3F61247F6B3B41C512B971869C2041,4605191,NA,FISH HABITAT - INFERRED - 050-080PCT,0,0,551.0670238131647,1244.6111793449695,0,0,0,0,0,0,0,0,0,0,551.0670238131647,1244.6111793449695,0,0,0,0,0,0,0,0,1795.6782031581342,1795.6782031581342,0,40,NA,NA,"4600778,4600779,4600780,4600782,4600783,4601708,4601709,4601710,4601711,4601720,4601733,4601734,4601735,4601737,4601739,4601740,4602129,4602130,4602132,4602133,4602338,4602340,4603851,4603852,4603853,4603854,4603856,4603857,4603858,4603859,4603867,4603868,4603869,4603870,4603855,4601736,4602042,4602131,4606397,4606365",NA,NA,NA,8.71339931057345,082G.108,MoTi,0101000020BD0B00002C8F8FDA876B3B41A2FF2E18869C2041,FLNR,FLNR 5466,4605191
72,50159,NA,pscis_phase2.xlsm,"c(1782729.66851412, 558171.878178135)",767213,NA,unclassified,NA,rough,NA,NA,NA,NA,NA,NA,NA,NA,NA,NA,NA,NA,NA,NA,NA,NA,NA,NA,NA,NA,NA,NA,NA,NA,NA,11,634026.9278740999,5485024.000552197,706844615,356484072,1000,747,GA24850150,River/Stream - Intermittent,300-625474-584724-233916-614769-000000-000000-000000-000000-000000-000000-000000-000000-000000-000000-000000-000000-000000-000000-000000-000000,300-625474-584724-233916-614769-000000-000000-000000-000000-000000-000000-000000-000000-000000-000000-000000-000000-000000-000000-000000-000000,ELKR,300.625474.584724.233916.614769,300.625474.584724.233916.614769,0101000020BD0B0000FAA2BB0B51363B419D0DB10EB40C2141,4600940,4602145,NON FISH HABITAT,0,0,0,0,0,0,0,0,0,0,0,0,0,0,0,0,0,0,0,0,0,0,0,0,0,0,3,0,NA,"4601559,4602182,4602145",NA,NA,NA,NA,824.2274813004641,082G.113,MoTi,0101000020BD0B0000C1BD23ABC9333B418790A0C1B7082141,NA,Unknown,NA
73,50155,NA,pscis_phase2.xlsm,"c(1784552.85738671, 558065.222026502)",808499,NA,recreation,Mt Fernie Park Rd,loose,NA,NA,NA,NA,NA,NA,NA,NA,NA,NA,NA,NA,NA,NA,NA,NA,NA,NA,NA,NA,NA,NA,NA,NA,NA,11,635022.972574089,5484260.000505914,706844711,356547712,1000,112,GA24850150,River/Stream - Intermittent,300-625474-584724-233916-539602-000000-000000-000000-000000-000000-000000-000000-000000-000000-000000-000000-000000-000000-000000-000000-000000,300-625474-584724-233916-539602-000000-000000-000000-000000-000000-000000-000000-000000-000000-000000-000000-000000-000000-000000-000000-000000,ELKR,300.625474.584724.233916.539602,300.625474.584724.233916.539602,0101000020BD0B0000AC7DE4A18F3A3B41066E2753C9072141,4602184,4602182,FISH HABITAT - INFERRED - 080-150PCT,0,0,0,1081.4788965048513,0,0,0,0,0,0,0,0,0,0,0,1081.4788965048513,0,0,0,0,0,0,0,0,1081.4788965048513,1081.4788965048513,1,0,NA,4602182,NA,NA,NA,NA,90.1046253538001,082G.113,MoTi,0101000020BD0B000010B27DDBE83A3B412E75AD71E2072141,NA,MoTi recreation,4602184
74,62516,NA,pscis_phase2.xlsm,"c(1785577.61428186, 558022.531952817)",808270,NA,recreation,Mt Fernie Park Rd,loose,NA,NA,NA,NA,NA,NA,NA,NA,NA,NA,NA,NA,NA,NA,NA,NA,NA,NA,NA,NA,NA,NA,NA,NA,NA,11,636136.9514645891,5484091.007787215,706844794,356495130,1000,185,GA24850150,River/Stream - Intermittent,300-625474-584724-233916-441528-000000-000000-000000-000000-000000-000000-000000-000000-000000-000000-000000-000000-000000-000000-000000-000000,300-625474-584724-233916-441528-000000-000000-000000-000000-000000-000000-000000-000000-000000-000000-000000-000000-000000-000000-000000-000000,ELKR,300.625474.584724.233916.441528,300.625474.584724.233916.441528,0101000020BD0B000079FB72F2F63E3B4143D4669898072141,4602147,4602161,FISH HABITAT - INFERRED - 080-150PCT,0,0,0,619.2856361738661,0,0,0,0,0,0,0,0,0,0,0,619.2856361738661,0,0,0,0,0,0,0,0,619.2856361738661,619.2856361738661,2,1,NA,"4602182,4602161",4600929,NA,NA,NA,14.526063924116087,082G.113,MoTi,0101000020BD0B00007C93419DE93E3B419E1E5C108D072141,NA,MoTi recreation,4602147
75,62422,NA,pscis_reassessments.xlsm,"c(1803461.65214773, 600266.552241797)",1657913,NA,unclassified,NA,loose,NA,NA,NA,NA,NA,NA,NA,NA,NA,NA,NA,NA,NA,NA,NA,NA,NA,NA,NA,NA,NA,NA,NA,NA,NA,11,659270.9957128627,5523693.993167021,706829735,356528119,1000,7815,GA24850150,River/Stream - Intermittent,300-625474-584724-478727-000000-000000-000000-000000-000000-000000-000000-000000-000000-000000-000000-000000-000000-000000-000000-000000-000000,300-625474-584724-478727-559714-000000-000000-000000-000000-000000-000000-000000-000000-000000-000000-000000-000000-000000-000000-000000-000000,ELKR,300.625474.584724.478727,300.625474.584724.478727.559714,0101000020BD0B000035E324A8C4843B4197A71CD594512241,4602883,4602266,FISH HABITAT - OBSERVED - 150-220PCT,305.05760384988446,101.489286966,603.6394158153371,2652.667085212031,229.14976174546428,0,0,0,0,0,6770.065783214478,1567.2274876793933,0,0,0,-4.547473508864641e-13,0,0,0,0,0,0,1528.6628929649023,0,3662.8533918432527,10662.068936803194,1,21,"{RB,WCT}",4602266,"4605607,4606418,4607410,4601125,4601113,4601126,4601127,4601128,4601129,4601138,4601159,4601164,4602533,4602881,4601112,4601130,4607076,4607031,4606419,4606285,4606417",5.90280069817305,NA,NA,1.0045842750252982,082G.124,MoTi,0101000020BD0B00006027F3A6C5843B41D46FBF1A95512241,NA,MoTi unclassified,4602883
76,62421,NA,pscis_reassessments.xlsm,"c(1801041.43351687, 598503.042695975)",809169,NA,unclassified,NA,loose,NA,NA,NA,NA,NA,NA,NA,NA,NA,NA,NA,NA,NA,NA,NA,NA,NA,NA,NA,NA,NA,NA,NA,NA,NA,11,656646.9939618565,5522256.008408432,706830097,356528119,1000,4559,GA24850150,River/Stream - Intermittent,300-625474-584724-478727-000000-000000-000000-000000-000000-000000-000000-000000-000000-000000-000000-000000-000000-000000-000000-000000-000000,300-625474-584724-478727-336223-000000-000000-000000-000000-000000-000000-000000-000000-000000-000000-000000-000000-000000-000000-000000-000000,ELKR,300.625474.584724.478727,300.625474.584724.478727.336223,0101000020BD0B000003CD206B527B3B418E547B5BCE432241,4602266,NA,FISH HABITAT - OBSERVED - 080-150PCT,305.05760384988446,101.489286966,603.6394158153371,2652.667085212031,229.14976174546428,0,0,0,0,1699.5966746068161,8326.539055362673,1567.227487679393,0,0,0,0,0,0,0,0,0,1699.5966746068161,1556.473272148195,-2.2737367544323206e-13,5362.450066450068,13918.138883558206,0,24,"{RB,WCT}",NA,"4605607,4606418,4607410,4601125,4601113,4601126,4601127,4601128,4601129,4601138,4601159,4601164,4602533,4602881,4602882,4602883,4602884,4601112,4601130,4607076,4607031,4606419,4606285,4606417",5.90280069817305,NA,NA,0.9942945095902683,082G.123,MoTi,0101000020BD0B00002CF6FA6E517B3B41313FDC15CE432241,NA,MoTi unclassified,4602266
